"CoC_Number","2007","2008","2009","2010","2011","2012","2013","2014","2015","2016","2017","2018","2019","2020","2021","2022","2023","2024","2025","2026","2027","2028","2029","2030","2031","2032","2033","2034","2035"
"COUNTRY",0,0,0,0,0,0,23,24,23,22,21,20,19,18,22,17,17,19,19,19,19,19,18,18,18,18,18,18,18
"AK-500",NA,NA,NA,NA,NA,NA,15,18,21,11,15,15,17,14,12,12,11,14,14,13,13,12,12,12,11,11,11,11,11
"AK-501",NA,NA,NA,NA,NA,NA,25,27,20,18,19,20,18,20,23,18,21,21,21,21,21,22,22,22,22,22,22,23,23
"AL-500",NA,NA,NA,NA,NA,NA,18,20,16,16,10,14,11,11,8,9,8,10,9,8,7,7,6,5,4,3,2,2,1
"AL-501",NA,NA,NA,NA,NA,NA,19,21,12,15,19,18,22,17,36,25,16,23,23,24,24,24,24,25,25,25,25,25,26
"AL-502",NA,NA,NA,NA,NA,NA,29,24,23,23,0,25,39,28,0,24,32,24,22,19,16,13,8,1,-9,-24,-51,-114,-428
"AL-503",NA,NA,NA,NA,NA,NA,15,17,19,19,19,13,17,18,22,19,24,14,14,15,16,16,16,17,17,18,18,18,18
"AL-504",NA,NA,NA,NA,NA,NA,9,16,16,16,16,19,24,12,16,10,17,18,18,17,16,16,15,14,14,13,12,12,11
"AL-505",NA,NA,NA,NA,NA,NA,3,4,15,20,15,18,9,8,2,1,6,1,0,-1,-2,-3,-4,-5,-5,-6,-6,-7,-7
"AL-506",NA,NA,NA,NA,NA,NA,19,20,28,20,19,21,16,9,8,10,20,15,15,15,15,15,15,15,15,15,15,15,15
"AL-507",NA,NA,NA,NA,NA,NA,13,13,22,15,13,16,23,24,27,39,27,22,22,23,24,24,25,25,26,26,26,27,27
"AR-500",NA,NA,NA,NA,NA,NA,5,6,5,5,9,9,10,7,3,12,10,16,17,18,19,21,22,24,26,28,30,33,36
"AR-501",NA,NA,NA,NA,NA,NA,31,22,27,30,17,22,16,12,34,23,14,13,13,12,11,10,9,7,6,5,3,2,0
"AR-503",NA,NA,NA,NA,NA,NA,7,12,18,18,7,6,5,8,8,6,10,8,8,9,9,9,10,10,11,11,11,12,12
"AR-505",NA,NA,NA,NA,NA,NA,50,34,43,48,38,41,39,24,19,14,30,3,-1,-6,-10,-14,-17,-21,-25,-28,-32,-35,-39
"AZ-500",NA,NA,NA,NA,NA,NA,26,17,16,14,12,17,14,14,19,11,12,12,12,11,11,10,10,10,9,9,9,9,8
"AZ-501",NA,NA,NA,NA,NA,NA,18,20,18,17,13,13,15,12,20,10,7,9,8,8,7,7,7,6,6,6,5,5,5
"AZ-502",NA,NA,NA,NA,NA,NA,26,31,25,25,21,18,17,17,28,14,12,14,13,13,12,12,11,11,11,10,10,10,10
"CA-500",NA,NA,NA,NA,NA,NA,9,9,9,9,15,15,8,8,16,5,8,8,8,7,7,6,6,5,5,5,4,4,4
"CA-501",NA,NA,NA,NA,NA,NA,6,7,7,7,7,7,5,4,8,5,5,7,8,8,8,8,8,8,8,8,8,9,9
"CA-502",NA,NA,NA,NA,NA,NA,18,15,13,14,9,9,4,4,11,6,6,4,4,4,4,4,4,4,4,4,4,4,4
"CA-503",NA,NA,NA,NA,NA,NA,20,19,17,14,10,9,13,13,15,8,8,10,10,9,9,9,8,8,8,8,8,8,8
"CA-504",NA,NA,NA,NA,NA,NA,13,10,8,10,10,8,9,7,13,4,5,5,4,3,3,1,0,-1,-2,-4,-5,-7,-9
"CA-505",NA,NA,NA,NA,NA,NA,10,11,12,12,10,8,8,7,13,3,7,7,6,6,6,6,6,5,5,5,5,5,5
"CA-506",NA,NA,NA,NA,NA,NA,13,13,11,11,16,16,14,14,33,10,5,8,7,5,4,2,0,-2,-4,-6,-9,-11,-14
"CA-507",NA,NA,NA,NA,NA,NA,22,19,11,9,11,11,9,10,28,12,13,10,11,11,11,11,12,12,12,13,13,13,14
"CA-508",NA,NA,NA,NA,NA,NA,12,12,15,16,17,17,14,13,14,4,10,5,3,0,-3,-6,-10,-14,-18,-23,-28,-35,-42
"CA-509",NA,NA,NA,NA,NA,NA,4,5,7,4,3,4,7,4,27,9,6,7,7,8,8,9,9,10,11,11,12,13,14
"CA-510",NA,NA,NA,NA,NA,NA,12,15,13,12,15,12,13,10,37,10,11,7,7,7,6,6,5,5,5,5,4,4,4
"CA-511",NA,NA,NA,NA,NA,NA,29,33,28,30,22,23,13,13,22,14,10,7,6,5,5,4,4,3,3,3,2,2,2
"CA-512",NA,NA,NA,NA,NA,NA,16,17,21,19,21,22,16,16,26,12,13,15,15,14,14,13,13,12,12,12,11,11,11
"CA-513",NA,NA,NA,NA,NA,NA,14,12,10,12,9,10,8,9,17,7,9,9,9,8,8,8,8,8,8,8,8,8,8
"CA-514",NA,NA,NA,NA,NA,NA,13,10,11,7,9,8,6,10,23,11,9,6,6,6,7,7,7,7,7,7,7,7,7
"CA-515",NA,NA,NA,NA,NA,NA,14,11,15,9,13,11,12,11,9,8,6,10,9,8,7,6,5,4,3,2,0,-1,-3
"CA-516",NA,NA,NA,NA,NA,NA,8,16,8,10,14,11,9,10,17,12,12,9,9,9,9,9,9,9,10,10,10,10,10
"CA-517",NA,NA,NA,NA,NA,NA,19,16,15,19,17,9,11,3,9,3,6,6,6,5,5,5,4,4,4,3,3,3,3
"CA-518",NA,NA,NA,NA,NA,NA,8,8,6,8,9,6,5,4,8,6,5,2,2,2,2,2,2,1,1,1,1,1,1
"CA-519",NA,NA,NA,NA,NA,NA,11,10,10,15,10,10,10,8,24,9,8,8,7,7,7,6,6,6,6,5,5,5,4
"CA-520",NA,NA,NA,NA,NA,NA,5,3,2,2,1,6,18,11,12,18,10,7,7,7,7,7,7,7,7,7,7,7,7
"CA-521",NA,NA,NA,NA,NA,NA,18,19,17,24,18,18,13,11,12,12,11,5,5,4,4,3,3,3,2,2,2,1,1
"CA-522",NA,NA,NA,NA,NA,NA,13,16,10,9,10,10,5,4,12,3,4,9,9,9,9,9,8,8,8,8,8,8,8
"CA-523",NA,NA,NA,NA,NA,NA,17,16,24,20,20,24,19,23,51,31,24,16,16,17,17,17,17,17,17,17,18,18,18
"CA-524",NA,NA,NA,NA,NA,NA,32,51,25,28,16,23,14,13,26,25,12,10,9,8,8,7,7,7,6,6,6,5,5
"CA-525",NA,NA,NA,NA,NA,NA,14,9,28,21,16,18,11,13,14,3,2,11,6,-1,-14,-47,-250,200,95,71,59,53,49
"CA-526",NA,NA,NA,NA,NA,NA,19,19,13,11,16,18,13,10,23,8,13,10,10,9,9,8,8,7,7,7,6,6,6
"CA-527",NA,NA,NA,NA,NA,NA,NA,NA,11,15,9,10,11,12,9,14,8,10,10,10,10,10,10,10,10,10,10,10,10
"CA-529",NA,NA,NA,NA,NA,NA,NA,NA,16,20,14,7,6,3,2,8,15,11,12,13,14,15,16,17,18,19,20,21,22
"CA-530",NA,NA,NA,NA,NA,NA,NA,NA,8,9,9,5,5,9,34,22,8,7,8,10,13,18,31,82,-132,-38,-22,-16,-13
"CA-600",NA,NA,NA,NA,NA,NA,13,13,10,8,9,9,9,12,29,10,9,9,9,9,8,8,8,8,8,8,8,8,8
"CA-601",NA,NA,NA,NA,NA,NA,13,14,15,14,12,12,13,10,20,14,12,9,9,9,9,9,9,9,9,8,8,8,8
"CA-602",NA,NA,NA,NA,NA,NA,22,21,19,19,16,15,14,13,27,13,12,9,9,8,8,7,7,6,6,5,5,5,4
"CA-603",NA,NA,NA,NA,NA,NA,14,13,13,15,16,14,13,10,14,7,10,10,10,9,9,8,7,7,6,6,5,5,5
"CA-604",NA,NA,NA,NA,NA,NA,13,18,16,11,15,12,11,9,16,10,6,5,5,5,5,4,4,4,4,4,4,4,4
"CA-606",NA,NA,NA,NA,NA,NA,12,11,11,10,8,7,6,8,13,2,1,1,0,0,-1,-1,-1,-2,-2,-2,-2,-2,-3
"CA-607",NA,NA,NA,NA,NA,NA,18,13,9,8,13,9,9,8,19,8,7,10,10,10,11,11,11,11,11,11,11,11,11
"CA-608",NA,NA,NA,NA,NA,NA,13,12,9,8,7,7,8,6,17,8,9,11,11,11,12,12,12,12,12,13,13,13,13
"CA-609",NA,NA,NA,NA,NA,NA,22,18,17,17,15,17,12,9,25,8,8,7,7,6,6,5,5,5,4,4,4,4,4
"CA-611",NA,NA,NA,NA,NA,NA,16,16,13,12,9,9,7,7,19,7,6,9,9,9,9,8,8,8,8,8,8,8,8
"CA-612",NA,NA,NA,NA,NA,NA,21,18,21,16,37,23,20,25,38,20,25,27,28,29,31,32,34,36,38,41,45,49,56
"CA-613",NA,NA,NA,NA,NA,NA,24,26,14,16,7,8,9,6,29,9,3,4,4,3,2,1,1,0,-1,-2,-3,-4,-5
"CA-614",NA,NA,NA,NA,NA,NA,11,11,15,8,9,8,10,9,19,18,16,7,8,9,10,11,12,13,14,14,15,16,17
"CO-500",NA,NA,NA,NA,NA,NA,26,26,26,24,21,21,14,10,12,12,9,11,9,6,3,-1,-6,-12,-21,-33,-52,-85,-160
"CO-503",NA,NA,NA,NA,NA,NA,30,30,27,21,19,16,15,14,18,12,17,29,29,29,29,30,30,30,30,30,30,30,30
"CO-504",NA,NA,NA,NA,NA,NA,21,21,16,21,20,15,18,18,28,20,18,23,25,27,29,31,33,36,39,43,48,53,60
"CT-503",NA,NA,NA,NA,NA,NA,20,20,26,25,28,24,24,21,15,20,22,21,20,19,18,18,16,15,14,12,11,9,6
"CT-505",NA,NA,NA,NA,NA,NA,18,18,19,20,20,24,18,20,15,19,19,20,19,18,18,17,17,16,15,15,14,13,13
"DC-500",NA,NA,NA,NA,NA,NA,27,29,28,33,31,28,25,22,15,14,15,19,16,13,10,7,3,-2,-8,-15,-24,-35,-50
"DE-500",NA,NA,NA,NA,NA,NA,25,24,24,18,24,21,24,23,32,32,27,26,27,28,29,29,30,31,31,32,32,32,33
"FL-500",NA,NA,NA,NA,NA,NA,14,12,12,12,11,13,9,13,18,10,10,9,8,8,7,7,6,6,5,5,4,4,3
"FL-501",NA,NA,NA,NA,NA,NA,18,9,19,19,20,20,19,17,30,19,19,21,21,21,22,22,22,22,22,22,22,22,22
"FL-502",NA,NA,NA,NA,NA,NA,15,22,11,10,9,10,11,10,10,15,16,17,18,20,22,23,26,28,31,33,37,40,44
"FL-503",NA,NA,NA,NA,NA,NA,14,11,16,23,23,24,21,17,26,20,17,26,26,26,26,26,26,26,26,26,26,26,26
"FL-504",NA,NA,NA,NA,NA,NA,13,19,17,16,18,19,21,19,17,23,19,18,18,18,18,18,18,18,18,18,18,18,18
"FL-505",NA,NA,NA,NA,NA,NA,44,44,11,16,20,17,11,9,32,10,12,12,11,10,9,8,7,7,6,4,3,2,1
"FL-506",NA,NA,NA,NA,NA,NA,10,11,19,19,18,21,15,20,11,16,14,17,17,16,15,15,14,13,12,11,10,9,8
"FL-507",NA,NA,NA,NA,NA,NA,27,24,22,22,22,23,23,20,27,26,23,18,18,17,17,17,17,17,17,17,16,16,16
"FL-508",NA,NA,NA,NA,NA,NA,23,9,7,21,14,14,11,13,12,9,6,11,10,9,8,7,7,6,5,4,4,3,2
"FL-509",NA,NA,NA,NA,NA,NA,36,29,29,31,33,31,30,27,15,21,20,25,20,13,-2,-65,250,92,69,60,56,53,50
"FL-510",NA,NA,NA,NA,NA,NA,18,21,19,16,17,14,14,14,17,16,15,14,15,15,15,16,16,16,17,18,19,20,21
"FL-511",NA,NA,NA,NA,NA,NA,11,18,23,16,11,18,5,6,1,3,7,6,6,5,5,4,4,4,4,3,3,3,3
"FL-512",NA,NA,NA,NA,NA,NA,17,19,14,16,21,24,21,16,12,7,6,8,5,3,1,-1,-3,-5,-6,-8,-9,-11,-12
"FL-513",NA,NA,NA,NA,NA,NA,26,26,23,26,21,26,18,15,25,14,14,9,8,7,6,5,4,3,2,2,1,0,0
"FL-514",NA,NA,NA,NA,NA,NA,22,15,17,13,17,16,15,22,20,19,16,17,18,18,18,19,19,19,20,21,22,23,25
"FL-515",NA,NA,NA,NA,NA,NA,9,13,10,10,17,13,4,7,17,7,14,9,9,10,10,10,11,11,11,12,12,12,12
"FL-517",NA,NA,NA,NA,NA,NA,46,33,35,33,28,30,34,33,44,6,23,22,20,19,18,17,16,16,15,14,14,13,13
"FL-518",NA,NA,NA,NA,NA,NA,10,16,16,17,17,14,10,24,39,21,21,24,26,28,29,31,33,35,36,38,40,42,44
"FL-519",NA,NA,NA,NA,NA,NA,24,25,22,23,21,22,14,14,12,14,13,12,6,-10,-284,69,45,38,35,33,31,30,30
"FL-520",NA,NA,NA,NA,NA,NA,23,20,17,19,19,22,17,16,19,20,17,18,18,17,17,17,17,16,16,16,16,15,15
"FL-600",NA,NA,NA,NA,NA,NA,23,24,23,17,21,22,23,24,21,20,21,21,21,21,20,20,20,19,19,19,19,18,18
"FL-601",NA,NA,NA,NA,NA,NA,21,17,14,13,11,13,11,13,8,12,10,11,11,11,11,10,10,10,10,9,9,9,9
"FL-602",NA,NA,NA,NA,NA,NA,16,32,31,26,16,14,10,11,10,17,14,12,12,13,13,13,13,13,13,13,13,13,13
"FL-603",NA,NA,NA,NA,NA,NA,8,12,11,19,19,26,20,19,19,18,14,12,11,10,9,8,7,7,6,5,5,4,4
"FL-604",NA,NA,NA,NA,NA,NA,7,9,6,10,7,14,7,5,5,8,5,4,1,-2,-7,-14,-25,-44,-89,-308,374,138,92
"FL-605",NA,NA,NA,NA,NA,NA,12,13,10,15,13,17,12,12,30,12,14,9,9,8,8,8,7,7,7,7,6,6,6
"FL-606",NA,NA,NA,NA,NA,NA,21,14,18,26,10,20,23,21,18,23,11,19,19,18,17,16,15,14,14,13,12,12,11
"GA-500",NA,NA,NA,NA,NA,NA,7,9,9,7,9,12,10,9,10,8,11,7,7,6,6,5,4,4,3,2,1,0,-2
"GA-501",NA,NA,NA,NA,NA,NA,20,20,25,24,23,23,20,20,37,17,19,17,17,16,16,16,16,15,15,15,15,15,15
"GA-502",NA,NA,NA,NA,NA,NA,32,29,24,23,16,37,25,37,41,26,23,27,26,25,23,22,21,19,18,16,15,13,11
"GA-503",NA,NA,NA,NA,NA,NA,11,12,12,20,15,26,23,18,36,21,20,10,10,9,9,8,8,7,7,7,7,6,6
"GA-504",NA,NA,NA,NA,NA,NA,20,15,18,20,7,7,12,12,14,11,51,8,11,14,17,19,21,23,25,26,27,28,29
"GA-505",NA,NA,NA,NA,NA,NA,10,12,8,12,16,11,16,13,10,3,12,18,19,19,19,19,20,20,20,20,21,21,21
"GA-506",NA,NA,NA,NA,NA,NA,29,28,33,31,28,23,20,23,28,24,27,18,18,18,19,19,19,19,19,19,19,20,20
"GA-507",NA,NA,NA,NA,NA,NA,7,8,8,9,11,9,10,9,11,26,10,7,8,8,8,9,9,10,11,13,15,20,33
"GA-508",NA,NA,NA,NA,NA,NA,28,31,32,32,28,32,21,33,54,32,25,17,16,16,15,14,14,13,13,12,12,11,11
"GU-500",NA,NA,NA,NA,NA,NA,41,39,41,43,41,42,38,37,51,34,29,32,31,30,29,28,27,27,26,25,25,24,24
"HI-500",NA,NA,NA,NA,NA,NA,20,22,21,23,22,22,19,18,34,16,16,22,22,22,22,22,22,22,21,21,21,21,21
"HI-501",NA,NA,NA,NA,NA,NA,29,29,27,25,22,20,18,16,30,14,14,15,14,13,12,11,11,10,9,7,6,5,4
"IA-500",NA,NA,NA,NA,NA,NA,31,30,39,35,31,23,25,26,26,18,13,16,14,12,11,9,7,6,4,2,1,-1,-2
"IA-501",NA,NA,NA,NA,NA,NA,37,38,38,39,36,31,26,23,22,24,23,21,20,19,18,17,16,15,14,13,12,11,10
"IA-502",NA,NA,NA,NA,NA,NA,26,22,20,19,13,13,11,10,11,10,13,10,10,9,9,9,8,8,8,7,7,7,6
"ID-500",NA,NA,NA,NA,NA,NA,14,16,12,15,13,13,14,10,11,9,7,10,10,9,8,8,7,6,5,5,4,3,3
"ID-501",NA,NA,NA,NA,NA,NA,32,30,33,33,28,27,23,32,37,29,26,26,26,26,26,26,26,26,26,26,26,26,26
"IL-500",NA,NA,NA,NA,NA,NA,25,19,23,21,30,18,22,23,6,14,22,16,16,15,14,13,13,12,10,9,8,6,4
"IL-501",NA,NA,NA,NA,NA,NA,33,24,29,24,27,25,24,24,24,24,21,23,22,22,21,21,21,20,20,20,20,19,19
"IL-502",NA,NA,NA,NA,NA,NA,26,32,30,33,29,23,26,33,32,32,40,39,40,41,42,42,43,43,44,44,44,44,45
"IL-503",NA,NA,NA,NA,NA,NA,19,20,18,23,28,24,32,21,25,25,23,23,23,22,22,22,21,21,21,21,21,20,20
"IL-504",NA,NA,NA,NA,NA,NA,49,45,51,48,40,27,31,23,40,29,26,14,12,10,8,6,3,1,-2,-5,-8,-11,-14
"IL-506",NA,NA,NA,NA,NA,NA,23,27,26,23,23,32,22,17,31,21,16,20,18,17,15,14,12,11,9,8,7,6,4
"IL-507",NA,NA,NA,NA,NA,NA,24,26,28,16,17,26,18,10,5,16,12,13,12,11,10,9,8,7,6,5,5,4,4
"IL-508",NA,NA,NA,NA,NA,NA,27,34,30,28,26,34,36,33,41,20,25,21,18,15,11,8,5,1,-2,-6,-10,-14,-18
"IL-510",NA,NA,NA,NA,NA,NA,24,26,21,23,21,22,24,21,21,16,16,30,30,30,30,30,30,30,30,30,30,30,30
"IL-511",NA,NA,NA,NA,NA,NA,28,29,26,25,22,23,23,21,30,29,33,33,34,36,37,38,39,40,41,42,42,43,44
"IL-512",NA,NA,NA,NA,NA,NA,21,25,32,28,25,27,20,23,15,17,26,22,22,22,21,21,21,20,20,19,19,18,18
"IL-513",NA,NA,NA,NA,NA,NA,25,24,21,23,17,18,17,18,10,19,19,21,22,22,22,22,23,23,23,24,24,24,24
"IL-514",NA,NA,NA,NA,NA,NA,35,34,36,40,25,27,24,25,32,35,35,30,31,32,32,33,34,34,34,35,35,36,36
"IL-515",NA,NA,NA,NA,NA,NA,38,42,38,41,38,32,19,28,17,21,22,31,31,31,31,30,30,30,30,30,30,30,30
"IL-516",NA,NA,NA,NA,NA,NA,25,31,17,17,11,24,20,9,1,13,15,15,14,12,10,8,6,3,0,-4,-9,-16,-24
"IL-517",NA,NA,NA,NA,NA,NA,16,16,20,14,17,17,10,14,12,13,18,18,19,19,19,20,20,20,21,21,21,21,22
"IL-518",NA,NA,NA,NA,NA,NA,20,40,17,22,28,19,21,21,20,9,10,11,10,9,8,8,7,6,6,5,5,4,4
"IL-519",NA,NA,NA,NA,NA,NA,43,30,27,19,28,45,29,13,34,36,23,22,22,21,21,20,20,19,19,19,18,18,18
"IL-520",NA,NA,NA,NA,NA,NA,30,26,25,28,26,29,23,22,18,27,18,9,6,4,1,-3,-6,-10,-13,-17,-21,-26,-31
"IN-502",NA,NA,NA,NA,NA,NA,27,22,23,24,24,20,21,19,19,19,21,18,18,18,18,18,17,17,17,17,17,17,17
"IN-503",NA,NA,NA,NA,NA,NA,21,19,18,19,18,15,18,13,14,18,17,16,17,17,17,17,18,18,18,18,19,19,19
"KS-502",NA,NA,NA,NA,NA,NA,23,20,17,22,21,19,19,15,16,16,18,18,18,18,18,18,18,18,18,18,18,18,17
"KS-503",NA,NA,NA,NA,NA,NA,23,24,20,17,19,20,16,15,10,11,14,14,13,12,12,11,11,10,9,9,8,8,7
"KS-505",NA,NA,NA,NA,NA,NA,53,54,54,48,48,40,27,37,31,29,29,21,19,18,17,16,15,15,14,13,12,12,11
"KS-507",NA,NA,NA,NA,NA,NA,25,24,30,34,26,23,14,17,17,16,16,15,14,13,13,12,12,11,11,10,10,9,9
"KY-500",NA,NA,NA,NA,NA,NA,27,26,25,23,19,19,17,15,16,17,14,16,15,15,14,14,14,13,13,13,12,12,12
"KY-501",NA,NA,NA,NA,NA,NA,23,17,18,18,17,17,16,16,17,16,13,12,11,11,11,10,10,10,10,9,9,9,9
"KY-502",NA,NA,NA,NA,NA,NA,16,18,10,10,7,10,9,11,8,11,8,13,13,13,14,14,14,14,14,14,15,15,15
"LA-500",NA,NA,NA,NA,NA,NA,23,26,21,24,24,15,14,17,25,28,20,20,21,22,23,24,25,26,27,27,28,29,29
"LA-502",NA,NA,NA,NA,NA,NA,27,37,14,15,20,19,15,22,16,12,17,16,15,15,14,13,12,10,9,7,5,2,-1
"LA-503",NA,NA,NA,NA,NA,NA,15,11,8,8,7,7,7,8,3,6,8,7,8,8,8,8,8,8,8,8,8,8,8
"LA-505",NA,NA,NA,NA,NA,NA,40,34,40,38,38,41,37,17,17,33,19,16,11,5,-2,-11,-22,-36,-53,-78,-113,-167,-264
"LA-506",NA,NA,NA,NA,NA,NA,30,24,28,15,15,7,7,6,29,37,8,12,16,18,21,23,25,26,28,29,30,31,32
"LA-507",NA,NA,NA,NA,NA,NA,15,15,10,18,12,9,15,15,17,27,12,7,7,7,7,7,6,6,6,6,5,5,5
"LA-509",NA,NA,NA,NA,NA,NA,8,13,14,18,21,9,15,14,30,37,13,11,16,19,21,23,25,26,27,28,28,29,29
"MA-500",NA,NA,NA,NA,NA,NA,33,40,35,37,33,35,37,38,38,38,37,36,36,36,36,36,36,36,37,37,37,37,37
"MA-502",NA,NA,NA,NA,NA,NA,47,40,23,29,28,40,55,58,56,54,55,57,59,60,62,63,65,67,68,70,71,73,74
"MA-503",NA,NA,NA,NA,NA,NA,18,24,25,27,31,29,28,25,25,23,23,29,29,29,28,28,28,28,27,27,27,27,27
"MA-504",NA,NA,NA,NA,NA,NA,47,52,53,51,51,50,53,51,51,48,47,47,46,46,45,44,44,43,42,42,41,40,39
"MA-505",NA,NA,NA,NA,NA,NA,32,27,30,27,34,31,34,38,36,37,33,36,36,36,36,36,37,37,37,37,37,37,37
"MA-506",NA,NA,NA,NA,NA,NA,43,45,42,40,37,36,36,34,31,31,34,37,37,37,37,37,37,37,37,37,37,37,36
"MA-507",NA,NA,NA,NA,NA,NA,15,18,27,18,15,22,20,16,15,17,18,27,27,27,28,28,28,28,29,29,29,29,29
"MA-509",NA,NA,NA,NA,NA,NA,19,18,15,12,14,15,16,14,14,13,15,23,24,25,25,26,26,27,28,28,29,29,30
"MA-511",NA,NA,NA,NA,NA,NA,42,41,44,43,39,40,37,37,36,35,39,39,39,39,39,39,39,39,39,39,39,39,39
"MA-515",NA,NA,NA,NA,NA,NA,33,28,44,42,47,45,51,41,38,37,36,33,31,30,29,27,26,25,24,23,22,22,21
"MA-516",NA,NA,NA,NA,NA,NA,45,48,47,46,42,41,42,41,40,41,40,43,43,43,43,43,43,43,43,43,43,43,43
"MD-501",NA,NA,NA,NA,NA,NA,16,15,14,17,12,10,10,11,13,13,12,12,13,14,15,16,18,21,27,40,92,-137,-32
"MD-503",NA,NA,NA,NA,NA,NA,24,28,21,26,20,17,16,16,14,23,18,14,14,14,14,14,14,14,14,13,13,13,12
"MD-504",NA,NA,NA,NA,NA,NA,29,22,30,30,29,30,34,26,16,29,23,22,19,16,13,10,6,1,-5,-11,-20,-30,-43
"MD-505",NA,NA,NA,NA,NA,NA,21,20,23,31,22,28,26,28,14,28,24,24,23,22,20,19,17,15,12,9,4,-3,-13
"MD-506",NA,NA,NA,NA,NA,NA,23,19,31,28,15,23,15,7,15,16,19,13,12,10,9,8,6,4,1,-2,-6,-10,-16
"MD-511",NA,NA,NA,NA,NA,NA,13,17,22,24,29,28,29,39,34,40,40,35,37,38,40,42,45,47,50,53,56,59,63
"MD-513",NA,NA,NA,NA,NA,NA,20,15,13,11,12,21,18,21,11,15,19,22,22,22,22,22,22,22,21,21,21,21,21
"MD-514",NA,NA,NA,NA,NA,NA,28,30,27,21,21,23,19,22,22,21,19,18,18,17,16,16,15,14,13,12,11,10,8
"MD-600",NA,NA,NA,NA,NA,NA,37,42,37,35,40,37,36,33,32,31,34,34,34,34,33,33,33,33,32,32,32,32,32
"MD-601",NA,NA,NA,NA,NA,NA,23,21,29,23,19,21,20,17,11,18,19,22,22,22,22,22,22,22,22,22,22,22,22
"ME-500",NA,NA,NA,NA,NA,NA,30,29,27,26,26,26,26,23,22,24,29,24,25,25,25,25,25,26,26,26,26,26,26
"MI-500",NA,NA,NA,NA,NA,NA,32,34,31,31,32,31,31,29,34,31,29,29,29,28,28,28,28,28,27,27,27,27,27
"MI-501",NA,NA,NA,NA,NA,NA,11,13,17,18,17,19,19,22,17,25,21,27,28,30,31,32,34,35,37,39,41,43,45
"MI-502",NA,NA,NA,NA,NA,NA,30,39,36,33,45,44,42,43,36,41,35,37,35,34,32,31,29,28,26,24,22,20,18
"MI-503",NA,NA,NA,NA,NA,NA,7,8,14,15,15,21,20,18,28,29,25,25,26,27,27,28,28,29,29,30,30,30,31
"MI-504",NA,NA,NA,NA,NA,NA,22,22,23,25,22,24,30,22,36,35,38,37,40,43,47,51,55,60,66,72,80,88,97
"MI-505",NA,NA,NA,NA,NA,NA,18,19,20,27,28,29,23,22,22,17,17,15,13,11,9,7,4,2,-1,-3,-6,-8,-11
"MI-506",NA,NA,NA,NA,NA,NA,45,33,34,24,23,27,30,25,31,24,26,25,25,24,24,24,24,24,23,23,23,23,23
"MI-507",NA,NA,NA,NA,NA,NA,35,36,43,39,34,26,25,29,37,21,19,24,23,22,21,20,20,19,18,17,16,15,14
"MI-508",NA,NA,NA,NA,NA,NA,15,21,20,25,27,21,23,23,21,25,29,21,21,22,22,23,23,23,23,24,24,24,24
"MI-509",NA,NA,NA,NA,NA,NA,18,14,12,15,13,17,20,20,16,17,14,26,26,27,27,27,28,28,29,29,29,30,30
"MI-510",NA,NA,NA,NA,NA,NA,37,29,27,34,39,41,35,33,39,37,31,34,33,32,31,30,29,28,28,27,26,25,24
"MI-511",NA,NA,NA,NA,NA,NA,37,47,38,40,35,34,36,33,29,31,23,19,17,16,15,14,13,12,11,10,9,9,8
"MI-512",NA,NA,NA,NA,NA,NA,27,26,16,16,18,20,16,9,23,15,16,18,18,18,18,18,18,18,18,18,18,17,17
"MI-514",NA,NA,NA,NA,NA,NA,23,20,24,19,20,19,22,13,15,18,15,16,16,15,15,14,13,13,12,12,11,11,10
"MI-515",NA,NA,NA,NA,NA,NA,17,14,18,22,26,26,29,22,19,18,27,28,28,29,29,29,30,32,36,108,15,21,23
"MI-516",NA,NA,NA,NA,NA,NA,39,37,21,31,21,20,24,26,16,27,29,33,34,35,36,37,38,39,40,40,41,42,42
"MI-517",NA,NA,NA,NA,NA,NA,30,34,42,43,41,12,14,23,22,14,29,16,18,19,20,21,23,24,25,26,26,27,28
"MI-518",NA,NA,NA,NA,NA,NA,35,24,36,36,26,33,28,53,26,39,41,36,38,39,40,42,43,45,46,47,49,51,52
"MI-519",NA,NA,NA,NA,NA,NA,38,43,35,39,37,27,29,33,27,18,22,21,20,19,17,16,15,14,13,12,11,11,10
"MI-523",NA,NA,NA,NA,NA,NA,43,57,59,56,56,60,63,60,59,62,40,45,37,20,-24,-409,239,145,119,107,100,96,93
"MN-500",NA,NA,NA,NA,NA,NA,38,36,36,39,38,32,25,28,27,25,32,34,34,34,35,35,36,36,37,37,37,38,38
"MN-501",NA,NA,NA,NA,NA,NA,31,34,32,29,26,27,25,25,20,18,23,21,20,20,19,18,17,17,16,15,15,14,13
"MN-502",NA,NA,NA,NA,NA,NA,42,48,48,42,35,35,37,32,34,29,29,29,28,27,26,25,24,24,23,22,22,21,20
"MN-503",NA,NA,NA,NA,NA,NA,50,41,32,34,34,29,26,24,33,25,27,26,26,25,25,25,25,25,24,24,24,24,24
"MN-504",NA,NA,NA,NA,NA,NA,33,36,37,40,21,20,31,24,36,34,25,21,21,21,21,21,22,22,22,22,22,22,22
"MN-505",NA,NA,NA,NA,NA,NA,23,26,29,29,31,31,31,21,27,27,29,23,23,23,22,22,22,22,21,21,21,21,21
"MN-506",NA,NA,NA,NA,NA,NA,41,43,36,41,45,38,34,38,42,36,37,35,35,35,34,34,34,34,33,33,33,33,33
"MN-508",NA,NA,NA,NA,NA,NA,34,31,33,32,31,36,34,41,34,37,29,33,32,31,30,29,27,26,24,22,19,16,13
"MN-509",NA,NA,NA,NA,NA,NA,33,27,29,26,27,30,26,23,30,21,18,19,18,17,16,15,14,14,13,13,12,12,11
"MN-511",NA,NA,NA,NA,NA,NA,37,48,46,46,42,35,40,32,45,36,42,32,32,33,33,33,33,33,33,33,33,34,34
"MO-500",NA,NA,NA,NA,NA,NA,53,37,41,48,33,30,31,39,29,32,22,23,22,20,18,16,14,12,10,8,6,4,1
"MO-501",NA,NA,NA,NA,NA,NA,31,31,28,25,26,22,17,20,17,16,16,16,15,14,14,13,12,12,11,11,10,10,10
"MO-503",NA,NA,NA,NA,NA,NA,35,35,41,32,31,29,22,36,31,31,25,34,34,35,35,36,36,37,37,38,38,39,39
"MO-600",NA,NA,NA,NA,NA,NA,27,18,28,22,17,23,21,19,27,17,17,20,19,19,18,18,17,17,16,16,15,15,15
"MO-602",NA,NA,NA,NA,NA,NA,24,31,25,19,18,12,15,10,19,14,16,12,12,12,12,12,12,12,13,13,13,13,13
"MO-603",NA,NA,NA,NA,NA,NA,22,28,22,27,30,32,22,23,27,18,19,20,19,18,16,15,14,13,11,10,8,7,6
"MO-606",NA,NA,NA,NA,NA,NA,26,30,29,28,27,25,22,21,30,19,19,19,19,18,18,17,17,16,16,16,15,15,15
"MS-500",NA,NA,NA,NA,NA,NA,10,15,15,6,10,11,12,17,7,4,9,3,1,-2,-6,-10,-15,-20,-27,-36,-46,-60,-78
"MS-501",NA,NA,NA,NA,NA,NA,28,19,23,24,22,17,14,13,7,8,11,12,10,9,8,7,5,4,2,0,-2,-5,-8
"MS-503",NA,NA,NA,NA,NA,NA,9,11,9,13,18,18,13,16,10,8,23,16,16,16,16,17,17,17,18,18,18,19,19
"MT-500",NA,NA,NA,NA,NA,NA,21,20,22,25,22,18,18,21,14,17,14,17,16,16,15,15,15,14,14,14,14,14,13
"NC-500",NA,NA,NA,NA,NA,NA,16,12,16,17,13,12,10,10,9,16,13,19,20,21,22,23,23,24,25,25,26,27,27
"NC-501",NA,NA,NA,NA,NA,NA,11,7,7,5,8,5,5,9,7,5,7,7,7,7,7,7,7,7,7,7,7,7,8
"NC-502",NA,NA,NA,NA,NA,NA,16,13,12,22,18,17,19,17,18,16,18,26,27,27,28,28,29,29,29,30,30,31,31
"NC-503",NA,NA,NA,NA,NA,NA,26,23,24,23,24,19,16,19,24,20,19,19,19,20,20,20,20,20,20,21,21,21,21
"NC-504",NA,NA,NA,NA,NA,NA,21,19,16,18,21,20,16,15,19,15,19,16,16,16,15,15,15,14,14,13,13,13,12
"NC-505",NA,NA,NA,NA,NA,NA,31,27,25,23,21,21,20,19,22,19,20,20,20,20,20,20,20,20,20,20,20,20,20
"NC-506",NA,NA,NA,NA,NA,NA,15,12,16,17,15,12,14,11,10,14,11,13,14,14,14,14,14,14,14,14,14,14,14
"NC-507",NA,NA,NA,NA,NA,NA,16,19,20,20,22,21,20,20,36,31,20,18,18,18,19,19,19,20,20,20,20,21,21
"NC-509",NA,NA,NA,NA,NA,NA,14,16,20,21,22,16,18,18,8,14,13,18,17,17,17,17,16,16,16,16,16,16,15
"NC-511",NA,NA,NA,NA,NA,NA,29,27,16,23,24,31,21,27,50,6,7,13,10,7,4,2,-1,-3,-5,-7,-9,-11,-12
"NC-513",NA,NA,NA,NA,NA,NA,13,16,15,8,14,12,13,12,8,10,6,14,13,13,12,12,11,11,11,10,10,9,9
"NC-516",NA,NA,NA,NA,NA,NA,34,41,44,27,28,32,26,25,13,23,25,15,11,7,2,-5,-13,-26,-44,-73,-128,-275,-1799
"ND-500",NA,NA,NA,NA,NA,NA,25,17,20,17,16,11,23,21,23,19,17,17,17,17,17,17,17,17,17,17,17,17,17
"NE-500",NA,NA,NA,NA,NA,NA,38,34,33,31,28,25,24,25,22,22,27,22,22,22,21,21,21,21,21,20,20,20,20
"NE-501",NA,NA,NA,NA,NA,NA,18,21,19,18,15,12,13,14,14,12,12,13,12,12,12,12,12,12,12,12,12,12,12
"NE-502",NA,NA,NA,NA,NA,NA,28,27,24,22,26,24,26,28,22,24,22,25,25,24,24,24,23,23,23,23,22,22,22
"NH-500",NA,NA,NA,NA,NA,NA,28,27,26,19,25,21,23,19,19,17,16,16,16,15,15,14,14,14,14,13,13,13,13
"NH-501",NA,NA,NA,NA,NA,NA,25,22,28,29,29,31,25,24,24,20,18,19,18,17,16,15,14,13,12,11,11,10,9
"NH-502",NA,NA,NA,NA,NA,NA,25,20,26,27,27,25,32,27,26,29,28,26,26,26,26,26,26,26,26,26,26,26,26
"NJ-500",NA,NA,NA,NA,NA,NA,23,6,12,4,6,5,5,7,6,6,8,10,11,12,12,13,14,14,15,16,16,17,18
"NJ-501",NA,NA,NA,NA,NA,NA,25,27,21,26,28,26,25,24,28,35,38,23,24,26,27,28,29,30,32,33,34,35,36
"NJ-502",NA,NA,NA,NA,NA,NA,37,30,30,29,28,28,33,30,34,29,34,32,32,33,33,33,33,34,34,34,34,34,35
"NJ-503",NA,NA,NA,NA,NA,NA,30,27,20,20,20,20,13,17,18,16,18,20,20,20,20,20,21,21,21,21,21,21,21
"NJ-504",NA,NA,NA,NA,NA,NA,31,24,20,21,23,23,23,24,18,19,25,18,17,16,15,14,13,12,11,10,9,8,7
"NJ-506",NA,NA,NA,NA,NA,NA,21,21,18,18,11,13,11,11,9,12,14,18,18,19,20,20,21,21,22,22,23,23,23
"NJ-507",NA,NA,NA,NA,NA,NA,38,32,25,32,27,25,25,27,22,24,28,22,22,22,21,21,21,21,20,20,20,20,20
"NJ-508",NA,NA,NA,NA,NA,NA,39,41,32,27,33,29,26,25,22,24,26,25,25,25,25,24,24,24,24,24,23,23,23
"NJ-509",NA,NA,NA,NA,NA,NA,25,21,26,25,24,23,23,27,26,26,22,23,23,23,23,23,23,23,23,23,23,23,23
"NJ-510",NA,NA,NA,NA,NA,NA,32,29,37,38,36,31,25,25,33,34,29,28,28,29,29,29,29,29,29,29,30,30,30
"NJ-511",NA,NA,NA,NA,NA,NA,35,32,30,35,28,22,16,19,20,18,23,17,17,17,17,17,17,17,17,17,17,17,17
"NJ-512",NA,NA,NA,NA,NA,NA,32,57,34,NA,25,43,48,25,33,30,9,13,10,8,6,4,2,1,-1,-2,-3,-4,-5
"NJ-513",NA,NA,NA,NA,NA,NA,27,20,21,17,21,18,25,24,25,31,19,21,21,21,21,21,21,21,21,21,21,21,21
"NJ-514",NA,NA,NA,NA,NA,NA,30,19,16,18,16,19,17,20,23,22,28,28,29,30,30,31,31,32,32,33,33,33,34
"NJ-515",NA,NA,NA,NA,NA,NA,46,44,34,31,36,34,28,24,25,22,28,25,24,24,24,23,23,23,23,23,22,22,22
"NJ-516",NA,NA,NA,NA,NA,NA,28,16,19,17,21,17,17,18,12,19,30,23,24,26,27,28,29,30,31,32,33,34,35
"NM-500",NA,NA,NA,NA,NA,NA,19,22,23,22,14,15,14,12,19,21,15,11,11,11,11,11,11,11,11,11,11,11,11
"NM-501",NA,NA,NA,NA,NA,NA,31,32,30,25,25,20,18,16,18,17,23,15,15,14,14,14,14,14,14,14,13,13,13
"NV-500",NA,NA,NA,NA,NA,NA,14,19,17,8,7,6,9,4,4,6,8,12,13,13,13,14,14,14,15,15,15,15,16
"NV-501",NA,NA,NA,NA,NA,NA,12,7,11,8,12,8,9,10,7,9,7,6,6,5,5,5,5,5,5,5,4,4,4
"NV-502",NA,NA,NA,NA,NA,NA,14,11,17,24,15,10,8,11,9,7,6,8,7,7,6,6,6,6,5,5,5,5,5
"NY-500",NA,NA,NA,NA,NA,NA,37,26,31,26,25,25,20,19,22,24,30,25,26,27,28,28,29,30,31,31,32,32,33
"NY-501",NA,NA,NA,NA,NA,NA,12,16,29,21,31,30,28,19,17,19,23,23,22,22,22,21,21,21,21,21,21,20,20
"NY-503",NA,NA,NA,NA,NA,NA,26,20,17,25,23,19,19,18,12,18,21,21,21,22,22,22,22,22,23,23,23,23,23
"NY-505",NA,NA,NA,NA,NA,NA,19,17,20,21,20,17,15,14,20,21,24,30,31,32,33,34,35,36,37,37,38,38,39
"NY-507",NA,NA,NA,NA,NA,NA,25,26,25,18,25,30,20,28,14,13,14,22,20,18,16,14,12,9,7,5,2,0,-3
"NY-508",NA,NA,NA,NA,NA,NA,21,25,23,25,24,24,28,25,22,24,22,21,21,20,20,20,20,19,19,19,19,19,18
"NY-510",NA,NA,NA,NA,NA,NA,23,34,24,12,12,10,17,5,8,7,11,7,7,7,6,6,6,6,6,6,6,5,5
"NY-511",NA,NA,NA,NA,NA,NA,8,11,4,16,11,13,11,17,15,17,15,15,15,16,16,16,16,16,16,16,16,16,16
"NY-512",NA,NA,NA,NA,NA,NA,29,39,23,32,31,28,26,34,27,24,28,33,33,34,34,34,35,35,35,35,36,36,36
"NY-513",NA,NA,NA,NA,NA,NA,20,10,2,29,15,2,21,13,23,23,23,23,24,25,26,27,27,28,28,29,29,29,30
"NY-514",NA,NA,NA,NA,NA,NA,47,38,17,22,29,28,33,26,30,30,29,35,36,36,36,37,37,37,37,38,38,38,38
"NY-518",NA,NA,NA,NA,NA,NA,30,23,24,21,28,29,18,21,20,18,26,25,25,25,25,25,25,25,25,25,25,25,25
"NY-519",NA,NA,NA,NA,NA,NA,26,31,35,35,32,23,28,32,25,18,15,10,6,1,-4,-11,-19,-28,-40,-56,-77,-108,-154
"NY-520",NA,NA,NA,NA,NA,NA,3,26,29,15,14,21,4,5,12,9,6,11,10,9,9,8,7,7,7,6,6,6,5
"NY-522",NA,NA,NA,NA,NA,NA,7,23,7,10,12,10,13,19,23,1,18,10,10,10,10,10,10,10,10,11,11,11,11
"NY-523",NA,NA,NA,NA,NA,NA,21,20,14,18,18,9,15,16,16,18,9,20,20,20,21,21,21,21,21,21,21,22,22
"NY-600",NA,NA,NA,NA,NA,NA,36,36,36,35,34,33,31,31,28,27,29,33,33,32,32,32,32,32,32,32,32,32,31
"NY-601",NA,NA,NA,NA,NA,NA,33,33,32,27,32,28,32,30,26,23,27,27,27,26,26,25,25,25,25,24,24,24,24
"NY-602",NA,NA,NA,NA,NA,NA,19,23,26,32,31,33,38,28,26,30,34,34,33,33,33,33,33,33,33,32,32,32,32
"NY-603",NA,NA,NA,NA,NA,NA,41,43,48,51,47,46,43,43,38,38,41,35,33,32,30,29,27,26,24,22,21,19,17
"NY-604",NA,NA,NA,NA,NA,NA,36,37,35,38,38,40,40,38,36,37,32,36,35,34,32,31,29,27,25,22,19,16,12
"NY-606",NA,NA,NA,NA,NA,NA,31,22,15,7,13,11,12,10,21,9,23,18,20,23,26,30,36,43,52,65,86,121,199
"NY-608",NA,NA,NA,NA,NA,NA,30,32,28,29,38,42,38,35,34,26,23,29,27,25,23,22,20,18,17,16,14,13,12
"OH-500",NA,NA,NA,NA,NA,NA,25,18,16,17,17,18,19,16,21,20,17,18,18,18,18,18,18,18,18,18,18,18,18
"OH-501",NA,NA,NA,NA,NA,NA,23,25,18,23,35,26,26,26,25,27,17,27,27,26,25,25,24,23,23,22,21,20,19
"OH-502",NA,NA,NA,NA,NA,NA,19,17,14,13,15,16,17,15,18,15,17,18,18,19,19,19,20,20,20,21,21,22,22
"OH-503",NA,NA,NA,NA,NA,NA,18,18,13,17,17,19,19,21,24,22,21,20,20,21,21,21,21,21,21,22,22,22,22
"OH-504",NA,NA,NA,NA,NA,NA,27,21,27,22,30,21,19,34,37,22,25,20,20,20,20,20,20,20,21,21,21,21,21
"OH-505",NA,NA,NA,NA,NA,NA,26,17,22,17,19,11,13,12,12,12,13,14,14,15,15,15,15,16,16,16,16,16,17
"OH-506",NA,NA,NA,NA,NA,NA,24,23,24,24,17,17,14,16,13,13,15,14,13,13,13,12,12,12,11,11,11,11,10
"OH-507",NA,NA,NA,NA,NA,NA,29,26,26,28,28,26,25,20,29,20,18,18,17,16,15,14,13,13,12,11,11,10,10
"OH-508",NA,NA,NA,NA,NA,NA,24,31,26,37,34,29,36,29,27,36,30,27,26,26,26,25,25,25,24,24,24,24,23
"OK-500",NA,NA,NA,NA,NA,NA,35,28,30,26,38,31,25,13,18,7,12,14,12,10,8,7,5,4,3,2,1,0,-1
"OK-501",NA,NA,NA,NA,NA,NA,12,18,16,16,15,12,13,11,13,13,14,11,11,11,10,10,10,10,10,10,10,10,10
"OK-502",NA,NA,NA,NA,NA,NA,11,10,12,14,17,14,10,11,13,11,14,12,12,12,12,12,12,12,12,12,12,12,12
"OK-503",NA,NA,NA,NA,NA,NA,29,29,19,28,34,29,12,20,5,11,22,14,12,10,9,7,5,3,1,-1,-3,-5,-7
"OK-504",NA,NA,NA,NA,NA,NA,28,22,17,10,7,3,7,7,25,14,13,11,14,16,20,25,33,44,65,115,372,-356,-127
"OK-505",NA,NA,NA,NA,NA,NA,26,26,29,25,29,29,23,20,18,37,3,14,11,8,5,3,0,-2,-4,-7,-9,-11,-13
"OK-506",NA,NA,NA,NA,NA,NA,30,24,17,24,21,27,25,21,21,16,6,7,5,4,3,2,2,1,1,0,0,-1,-1
"OK-507",NA,NA,NA,NA,NA,NA,34,22,30,27,22,18,24,19,28,14,19,23,23,23,23,23,23,23,23,23,23,23,23
"OR-500",NA,NA,NA,NA,NA,NA,13,15,10,9,10,10,8,10,9,10,8,8,8,8,8,8,8,8,8,8,8,8,8
"OR-501",NA,NA,NA,NA,NA,NA,17,14,10,10,9,9,5,6,7,8,13,12,13,13,13,14,14,14,15,15,15,15,15
"OR-502",NA,NA,NA,NA,NA,NA,11,14,10,16,12,10,10,12,13,13,14,12,13,13,13,13,14,14,14,14,14,14,15
"OR-503",NA,NA,NA,NA,NA,NA,27,33,22,22,21,16,17,18,10,16,12,12,12,12,12,11,11,11,11,11,11,11,11
"OR-505",NA,NA,NA,NA,NA,NA,30,30,29,28,29,21,27,21,15,17,17,10,7,5,2,-1,-4,-7,-11,-15,-18,-23,-27
"OR-506",NA,NA,NA,NA,NA,NA,17,27,22,20,24,12,15,13,10,21,18,18,19,20,20,21,21,22,22,22,22,23,23
"OR-507",NA,NA,NA,NA,NA,NA,36,37,15,19,12,10,11,20,24,19,15,15,16,17,18,19,20,22,23,24,25,26,27
"PA-500",NA,NA,NA,NA,NA,NA,29,29,29,29,27,25,22,21,21,17,17,18,16,15,13,11,9,7,5,2,-1,-4,-7
"PA-501",NA,NA,NA,NA,NA,NA,30,25,32,30,21,27,20,22,20,27,23,18,17,16,15,14,13,12,10,9,8,6,4
"PA-502",NA,NA,NA,NA,NA,NA,33,27,18,23,28,28,31,25,27,34,40,38,39,40,41,43,44,45,46,47,48,49,50
"PA-503",NA,NA,NA,NA,NA,NA,22,26,25,20,32,28,26,34,21,27,32,24,24,23,23,22,22,21,21,20,20,19,19
"PA-504",NA,NA,NA,NA,NA,NA,36,36,38,37,35,33,33,26,26,27,19,17,16,15,14,13,13,12,11,11,10,10,10
"PA-505",NA,NA,NA,NA,NA,NA,15,18,18,22,20,25,18,18,27,25,25,30,34,42,64,255,-66,-20,-7,-1,2,5,6
"PA-506",NA,NA,NA,NA,NA,NA,28,8,19,21,21,18,15,19,18,23,18,16,16,16,16,16,16,16,16,16,16,16,16
"PA-508",NA,NA,NA,NA,NA,NA,40,39,34,36,32,24,13,21,28,27,35,22,24,25,27,28,30,31,32,34,35,36,37
"PA-509",NA,NA,NA,NA,NA,NA,33,33,31,29,28,28,25,28,30,27,26,24,23,23,23,22,22,22,21,21,21,21,20
"PA-510",NA,NA,NA,NA,NA,NA,31,28,30,34,27,29,28,18,31,36,25,22,22,22,22,22,22,22,21,21,21,21,21
"PA-511",NA,NA,NA,NA,NA,NA,45,39,39,41,37,31,35,36,30,29,26,26,25,24,22,21,20,19,18,16,15,14,13
"PA-512",NA,NA,NA,NA,NA,NA,34,30,36,41,36,32,29,33,35,33,22,26,25,24,23,22,22,21,20,19,18,18,17
"PA-600",NA,NA,NA,NA,NA,NA,27,23,22,21,22,22,14,20,18,20,15,17,17,16,16,16,15,15,15,15,15,14,14
"PA-601",NA,NA,NA,NA,NA,NA,27,29,27,27,23,23,22,20,25,25,20,20,20,20,19,19,19,19,18,18,18,18,17
"PA-603",NA,NA,NA,NA,NA,NA,27,26,35,36,41,28,40,44,43,42,50,25,24,24,23,22,21,20,19,17,15,13,10
"PA-605",NA,NA,NA,NA,NA,NA,23,25,18,20,19,18,19,18,19,14,18,16,16,15,15,15,15,14,14,14,14,13,13
"PR-502",NA,NA,NA,NA,NA,NA,9,10,8,8,6,4,6,6,17,7,6,7,8,9,10,11,13,15,18,24,32,51,116
"PR-503",NA,NA,NA,NA,NA,NA,8,9,8,9,6,5,2,3,1,3,2,2,1,0,-1,-1,-2,-4,-5,-7,-8,-11,-14
"RI-500",NA,NA,NA,NA,NA,NA,24,21,23,17,20,19,19,22,23,20,21,21,21,21,22,22,22,22,22,22,22,22,22
"SC-500",NA,NA,NA,NA,NA,NA,8,12,8,3,5,11,8,7,12,18,14,11,12,13,14,14,15,16,16,17,18,19,19
"SC-501",NA,NA,NA,NA,NA,NA,23,23,18,23,20,15,14,13,15,11,11,13,12,12,12,11,11,11,10,10,10,10,9
"SC-502",NA,NA,NA,NA,NA,NA,14,15,12,13,14,12,12,12,12,13,12,12,12,12,12,12,12,12,12,13,13,13,13
"SC-503",NA,NA,NA,NA,NA,NA,17,13,15,16,19,13,13,13,20,20,17,10,10,11,11,11,11,11,11,11,12,12,12
"SD-500",NA,NA,NA,NA,NA,NA,37,28,26,31,23,19,19,20,24,20,16,16,16,16,16,15,15,15,15,14,14,14,14
"TN-500",NA,NA,NA,NA,NA,NA,24,20,21,18,12,12,13,18,7,13,4,11,10,9,9,9,8,8,8,8,8,8,8
"TN-501",NA,NA,NA,NA,NA,NA,23,21,23,22,22,20,28,17,13,17,23,25,25,26,26,26,26,27,27,28,29,30,31
"TN-502",NA,NA,NA,NA,NA,NA,6,9,8,6,8,6,7,6,6,13,9,4,4,4,5,5,5,5,5,6,6,6,6
"TN-503",NA,NA,NA,NA,NA,NA,8,11,16,12,19,12,17,26,30,18,23,11,10,9,8,7,6,5,3,2,0,-2,-5
"TN-504",NA,NA,NA,NA,NA,NA,9,8,12,8,11,6,6,7,7,8,8,9,10,10,11,11,12,12,13,14,14,15,15
"TN-506",NA,NA,NA,NA,NA,NA,27,15,14,25,23,27,16,14,3,22,13,11,11,10,10,10,10,9,9,9,9,9,9
"TN-507",NA,NA,NA,NA,NA,NA,12,10,22,16,24,26,27,24,21,18,15,14,11,7,4,0,-4,-9,-15,-21,-28,-36,-45
"TN-509",NA,NA,NA,NA,NA,NA,20,16,15,11,14,12,16,14,15,11,6,10,10,9,9,8,8,8,7,7,7,7,6
"TN-510",NA,NA,NA,NA,NA,NA,18,15,12,15,11,11,9,7,8,16,16,6,6,6,7,7,7,7,7,8,8,8,8
"TN-512",NA,NA,NA,NA,NA,NA,19,31,27,25,23,21,21,13,15,20,11,24,24,24,24,24,24,24,24,24,23,23,23
"TX-500",NA,NA,NA,NA,NA,NA,18,22,19,18,19,17,18,17,20,14,18,19,19,19,19,19,19,19,19,19,19,19,19
"TX-503",NA,NA,NA,NA,NA,NA,20,24,21,20,19,18,17,12,23,22,16,17,18,18,18,18,19,19,19,19,19,19,19
"TX-600",NA,NA,NA,NA,NA,NA,25,30,18,20,15,16,16,15,8,12,15,15,14,14,14,13,13,12,12,12,11,11,10
"TX-601",NA,NA,NA,NA,NA,NA,31,29,20,19,21,14,14,17,16,19,18,11,11,11,11,11,11,11,11,11,11,12,12
"TX-603",NA,NA,NA,NA,NA,NA,27,30,31,33,29,25,23,20,22,25,26,21,22,22,22,22,22,22,22,22,22,22,22
"TX-604",NA,NA,NA,NA,NA,NA,35,25,26,39,30,27,18,26,20,26,27,32,33,34,34,35,36,37,37,38,39,39,40
"TX-607",NA,NA,NA,NA,NA,NA,13,14,17,21,18,17,16,14,32,16,14,13,13,12,12,12,12,11,11,11,10,10,10
"TX-611",NA,NA,NA,NA,NA,NA,15,23,22,15,6,6,15,14,8,17,6,10,9,9,9,9,9,8,8,8,8,7,7
"TX-624",NA,NA,NA,NA,NA,NA,17,24,22,16,17,12,12,18,19,8,9,17,16,16,16,16,16,16,16,16,15,15,15
"TX-700",NA,NA,NA,NA,NA,NA,16,19,18,16,17,15,16,14,13,11,14,15,15,15,14,14,13,13,12,12,11,10,9
"TX-701",NA,NA,NA,NA,NA,NA,24,22,31,35,15,19,18,15,6,12,4,3,-2,-6,-11,-17,-23,-29,-36,-44,-53,-63,-74
"UT-500",NA,NA,NA,NA,NA,NA,23,24,23,21,21,21,18,20,11,19,15,14,13,12,12,11,11,10,10,10,9,9,8
"UT-503",NA,NA,NA,NA,NA,NA,32,41,29,25,25,22,26,22,19,20,19,17,16,16,15,14,14,13,13,13,12,12,12
"UT-504",NA,NA,NA,NA,NA,NA,28,33,33,30,23,25,17,16,17,24,18,21,21,21,21,21,21,21,21,21,21,21,21
"VA-500",NA,NA,NA,NA,NA,NA,12,13,11,11,8,12,14,13,19,21,15,14,14,15,15,16,16,16,17,17,17,18,18
"VA-501",NA,NA,NA,NA,NA,NA,22,16,22,18,12,18,19,16,13,14,16,16,16,15,15,14,13,13,12,12,11,10,9
"VA-502",NA,NA,NA,NA,NA,NA,19,15,21,15,17,18,15,13,14,9,16,17,17,17,17,17,16,16,16,16,16,16,16
"VA-503",NA,NA,NA,NA,NA,NA,27,32,30,28,23,16,21,20,19,26,18,17,17,17,17,17,17,18,18,18,18,18,18
"VA-504",NA,NA,NA,NA,NA,NA,16,20,19,18,18,14,9,11,6,8,6,6,4,2,0,-2,-4,-6,-8,-10,-12,-15,-17
"VA-505",NA,NA,NA,NA,NA,NA,20,22,21,20,20,17,19,20,25,21,25,18,18,19,19,20,21,21,22,22,23,24,24
"VA-507",NA,NA,NA,NA,NA,NA,26,21,24,15,15,21,21,22,30,35,28,24,25,26,28,29,31,32,34,36,38,40,42
"VA-508",NA,NA,NA,NA,NA,NA,35,28,23,19,18,16,21,21,15,12,15,11,10,10,9,9,8,8,7,7,7,6,6
"VA-513",NA,NA,NA,NA,NA,NA,19,22,19,20,18,18,19,14,16,18,23,15,15,15,15,15,16,16,16,16,16,16,16
"VA-514",NA,NA,NA,NA,NA,NA,23,25,27,27,28,24,27,24,16,26,25,30,30,30,31,31,32,32,33,33,33,34,34
"VA-521",NA,NA,NA,NA,NA,NA,33,34,29,25,27,26,32,29,26,25,21,25,24,23,23,22,22,22,21,21,21,20,20
"VA-600",NA,NA,NA,NA,NA,NA,26,24,21,16,21,20,18,19,14,16,20,17,17,17,17,16,16,16,16,16,15,15,15
"VA-601",NA,NA,NA,NA,NA,NA,33,33,36,32,30,30,32,31,24,28,35,33,33,33,34,34,34,34,35,35,35,35,35
"VA-602",NA,NA,NA,NA,NA,NA,34,35,32,32,24,20,13,17,18,22,22,17,18,18,18,19,19,19,19,19,20,20,20
"VA-603",NA,NA,NA,NA,NA,NA,19,19,27,29,27,23,23,24,25,22,31,29,31,33,34,37,39,42,45,50,55,61,69
"VA-604",NA,NA,NA,NA,NA,NA,38,36,34,34,33,30,37,18,22,27,26,26,26,25,24,23,22,21,20,19,19,18,17
"VI-500",NA,NA,NA,NA,NA,NA,5,3,6,6,2,7,0,0,1,1,0,4,3,2,2,0,-1,-5,-11,-30,581,41,25
"VT-500",NA,NA,NA,NA,NA,NA,32,29,27,24,27,25,26,22,16,19,20,22,22,22,21,21,21,21,21,21,21,21,21
"VT-501",NA,NA,NA,NA,NA,NA,24,23,16,22,19,16,17,13,8,12,18,18,18,18,18,18,18,18,18,18,18,18,18
"WA-500",NA,NA,NA,NA,NA,NA,17,20,18,16,16,15,14,19,26,17,17,13,13,13,13,13,13,13,13,13,13,13,13
"WA-501",NA,NA,NA,NA,NA,NA,27,27,26,23,25,21,19,19,25,17,16,16,16,15,15,14,14,13,13,13,12,12,12
"WA-502",NA,NA,NA,NA,NA,NA,27,25,24,21,19,16,15,15,17,10,9,11,10,10,9,9,8,8,7,7,7,7,6
"WA-503",NA,NA,NA,NA,NA,NA,36,29,25,23,20,15,16,12,22,11,11,11,11,10,10,9,9,9,8,8,8,8,7
"WA-504",NA,NA,NA,NA,NA,NA,23,26,20,19,19,21,21,17,23,15,16,15,14,13,13,12,11,11,10,9,9,8,8
"WA-508",NA,NA,NA,NA,NA,NA,33,33,33,33,31,27,28,23,28,19,17,20,18,18,17,16,15,15,14,14,13,13,12
"WI-500",NA,NA,NA,NA,NA,NA,36,37,37,35,35,34,33,30,31,29,26,27,26,25,24,23,22,21,20,19,18,17,16
"WI-501",NA,NA,NA,NA,NA,NA,27,27,27,27,17,17,22,18,16,20,19,20,20,20,20,20,20,20,20,20,20,20,21
"WI-502",NA,NA,NA,NA,NA,NA,29,28,23,28,21,25,16,17,17,27,29,24,25,26,27,29,30,31,33,34,35,37,38
"WI-503",NA,NA,NA,NA,NA,NA,28,26,26,27,28,21,23,27,24,19,24,17,16,16,15,15,14,14,13,13,13,12,12
"WV-500",NA,NA,NA,NA,NA,NA,24,22,18,16,22,14,14,9,2,2,33,5,5,5,5,5,5,5,5,5,5,5,5
"WV-501",NA,NA,NA,NA,NA,NA,26,28,29,25,17,12,4,9,2,5,7,9,8,8,8,8,8,8,7,7,7,7,7
"WV-503",NA,NA,NA,NA,NA,NA,15,14,12,12,10,11,14,11,11,9,7,8,7,6,6,5,4,3,3,2,1,0,0
"WV-508",NA,NA,NA,NA,NA,NA,18,12,12,15,11,11,11,9,11,7,7,6,6,5,4,4,4,3,3,2,2,2,1
"WY-500",NA,NA,NA,NA,NA,NA,23,24,23,23,15,19,15,23,29,16,7,17,16,15,13,12,10,8,7,5,2,0,-2
