<metadata xml:lang="en"><Esri><CreaDate>20200302</CreaDate><CreaTime>15385500</CreaTime><ArcGISFormat>1.0</ArcGISFormat><SyncOnce>FALSE</SyncOnce><scaleRange><minScale>150000000</minScale><maxScale>50000</maxScale></scaleRange><DataProperties><itemProps><itemName Sync="TRUE">NC_502</itemName><imsContentType Sync="TRUE" export="False">002</imsContentType><nativeExtBox><westBL Sync="TRUE">-79.016305</westBL><eastBL Sync="TRUE">-78.699316</eastBL><southBL Sync="TRUE">35.863210</southBL><northBL Sync="TRUE">36.239320</northBL><exTypeCode Sync="TRUE">1</exTypeCode></nativeExtBox><itemLocation><linkage Sync="TRUE">file://\\WIN10-VM\Z$\2019_CoC_Shapefiles_3_2_20_HUD_Exchange\North_Carolina\NC_502\NC_502.shp</linkage><protocol Sync="TRUE">Local Area Network</protocol></itemLocation><itemSize Sync="TRUE">0.030</itemSize></itemProps><coordRef><type Sync="TRUE">Geographic</type><geogcsn Sync="TRUE">GCS_North_American_1983</geogcsn><csUnits Sync="TRUE">Angular Unit: Degree (0.017453)</csUnits><peXml Sync="TRUE">&lt;GeographicCoordinateSystem xsi:type='typens:GeographicCoordinateSystem' xmlns:xsi='http://www.w3.org/2001/XMLSchema-instance' xmlns:xs='http://www.w3.org/2001/XMLSchema' xmlns:typens='http://www.esri.com/schemas/ArcGIS/10.7'&gt;&lt;WKT&gt;GEOGCS[&amp;quot;GCS_North_American_1983&amp;quot;,DATUM[&amp;quot;D_North_American_1983&amp;quot;,SPHEROID[&amp;quot;GRS_1980&amp;quot;,6378137.0,298.257222101]],PRIMEM[&amp;quot;Greenwich&amp;quot;,0.0],UNIT[&amp;quot;Degree&amp;quot;,0.0174532925199433],AUTHORITY[&amp;quot;EPSG&amp;quot;,4269]]&lt;/WKT&gt;&lt;XOrigin&gt;-400&lt;/XOrigin&gt;&lt;YOrigin&gt;-400&lt;/YOrigin&gt;&lt;XYScale&gt;11258999068426.238&lt;/XYScale&gt;&lt;ZOrigin&gt;-100000&lt;/ZOrigin&gt;&lt;ZScale&gt;10000&lt;/ZScale&gt;&lt;MOrigin&gt;-100000&lt;/MOrigin&gt;&lt;MScale&gt;10000&lt;/MScale&gt;&lt;XYTolerance&gt;8.9831528411952133e-09&lt;/XYTolerance&gt;&lt;ZTolerance&gt;0.001&lt;/ZTolerance&gt;&lt;MTolerance&gt;0.001&lt;/MTolerance&gt;&lt;HighPrecision&gt;true&lt;/HighPrecision&gt;&lt;LeftLongitude&gt;-180&lt;/LeftLongitude&gt;&lt;WKID&gt;4269&lt;/WKID&gt;&lt;LatestWKID&gt;4269&lt;/LatestWKID&gt;&lt;/GeographicCoordinateSystem&gt;</peXml></coordRef><lineage><Process ToolSource="c:\program files (x86)\arcgis\desktop10.7\ArcToolbox\Toolboxes\Data Management Tools.tbx\CopyFeatures" Date="20200302" Time="172353">CopyFeatures InputGeoBndLayer Z:\2019_CoC_Shapefiles_3_2_20_HUD_Exchange\North_Carolina\NC_502\NC_502.shp # 0 0 0</Process></lineage></DataProperties><SyncDate>20200302</SyncDate><SyncTime>17235300</SyncTime><ModDate>20200302</ModDate><ModTime>17235300</ModTime><ArcGISProfile>FGDC</ArcGISProfile></Esri><mdLang><languageCode value="eng"/><countryCode value="USA" Sync="TRUE"/></mdLang><mdChar><CharSetCd value="004"/></mdChar><mdHrLv><ScopeCd value="005"/></mdHrLv><mdContact xmlns=""><rpOrgName>ICF International</rpOrgName><rpCntInfo><cntPhone><voiceNum>703-934-3731</voiceNum></cntPhone><cntAddress addressType="physical"><delPoint>9300 Lee Highway</delPoint><city>Fairfax</city><adminArea>VA</adminArea><postCode>22031</postCode><country>US</country><eMailAdd>info@hudexchange.info</eMailAdd></cntAddress><cntHours>9:00 a.m. to 5:00 p.m. Eastern Standard Time</cntHours></rpCntInfo><role><RoleCd value="007"/></role></mdContact><distInfo xmlns=""><distributor xmlns=""><distorCont xmlns=""><rpOrgName>ICF International</rpOrgName><rpCntInfo><cntPhone><voiceNum>703-934-3731</voiceNum></cntPhone><cntAddress addressType="both"><delPoint>9300 Lee Valley</delPoint><city>Fairfax</city><adminArea>VA</adminArea><postCode>22031</postCode><country>US</country><eMailAdd>info@hudexchange.info</eMailAdd></cntAddress><cntHours>9:00 a.m. to 5:00 p.m. Eastern Standard Time</cntHours></rpCntInfo><role><RoleCd value="005"/></role></distorCont></distributor><distFormat xmlns=""><formatName Sync="TRUE">Shapefile</formatName></distFormat><distTranOps><transSize Sync="TRUE">0.030</transSize></distTranOps></distInfo><dataIdInfo><idCitation xmlns=""><citRespParty xmlns=""><rpOrgName>U.S. Department of Housing and Urban Development (HUD)</rpOrgName><role><RoleCd value="006"/></role></citRespParty><presForm xmlns=""><PresFormCd value="005"/></presForm><presForm xmlns=""><fgdcGeoform>vector digital data</fgdcGeoform></presForm><date><createDate>2020-03-02T01:00:00</createDate><pubDate>2020-03-02T00:00:00</pubDate></date><citRespParty xmlns=""><rpOrgName>ICF International</rpOrgName><rpCntInfo xmlns=""><cntPhone><voiceNum tddtty="">703-934-3731</voiceNum></cntPhone><cntAddress addressType="physical"><delPoint>9300 Lee Highway</delPoint><city>Fairfax</city><adminArea>VA</adminArea><postCode>22031</postCode><country>US</country><eMailAdd>info@hudexchange.info</eMailAdd></cntAddress><cntHours>9:00 a.m. to 5:00 p.m. Eastern Standard Time</cntHours><cntOnlineRes xmlns=""><linkage>https://www.hudexchange.info/program-support/my-question/</linkage><orName>Ask a Question</orName></cntOnlineRes></rpCntInfo><role><RoleCd value="007"/></role><displayName>ICF International</displayName></citRespParty><resTitle Sync="TRUE">NC_502</resTitle></idCitation><idAbs>&lt;DIV STYLE="text-align:Left;"&gt;&lt;DIV&gt;&lt;DIV&gt;&lt;P&gt;&lt;SPAN&gt;The dataset contains the geographic boundaries for The U.S. Department of Housing and Urban Development's Continuum of Care (CoC) areas. The dataset is current for FY2019 and contains the geographic boundaries for all of the FY2019 claimed CoC areas and includes funding status information, as well as select Housing Invetory Count and Point-In-Time variables, as available.&lt;/SPAN&gt;&lt;/P&gt;&lt;/DIV&gt;&lt;/DIV&gt;&lt;/DIV&gt;</idAbs><idPurp>The U.S. Department of Housing and Urban Development is providing these data sets for use by Continuum of Care grantees, homeless services planners and research institutions. Because HUD provides competitive funding for homeless services through a Continuum of Care structure that is developed at the local level, outside research based on this structure cannot be accomplished without the provision of the geographic boundaries and related data provided herein. Therefore, this data set was developed to make the Continuum of Care process and funding as transparent as possible to the public.</idPurp><idCredit>This data set was developed by the U.S. Department of Housing and Urban Development (HUD).</idCredit><idStatus><ProgCd value="001"/></idStatus><idPoC xmlns=""><rpOrgName>ICF International</rpOrgName><rpCntInfo xmlns=""><cntPhone><voiceNum tddtty="">703-934-3731</voiceNum></cntPhone><cntAddress addressType="physical"><delPoint>9300 Lee Highway</delPoint><city>Fairfax</city><adminArea>VA</adminArea><postCode>22031</postCode><country>US</country><eMailAdd>info@hudexchange.info</eMailAdd></cntAddress><cntHours>9:00 a.m. to 5:00 p.m. Eastern Standard Time</cntHours></rpCntInfo><role><RoleCd value="007"/></role></idPoC><resMaint xmlns=""><maintFreq><MaintFreqCd value="008"/></maintFreq><dateNext>2021-01-01T00:00:00</dateNext></resMaint><themeKeys xmlns=""><thesaName xmlns=""><resTitle>Department of Housing and Urban Development Continuum of Care Homeless Assistance Programs, 69 Fed. Reg. 27495 (May 14, 2004).</resTitle><date><createDate>2019-01-01T00:00:00</createDate></date></thesaName><keyword>Homeless</keyword><keyword>Continuum of Care</keyword><keyword>CoC</keyword></themeKeys><searchKeys><keyword>Homeless</keyword><keyword>Continuum of Care</keyword><keyword>CoC</keyword></searchKeys><resConst><LegConsts xmlns=""><useLimit>See access and use constraints information.</useLimit><othConsts>The dataset can be downloaded from The U.S. Department of Housing and Urban Development website, https://www.hudexchange.info/programs/coc/gis-tools/. The dataset may only be re-distributed in original form and may not be distributed in part or in modified form.</othConsts></LegConsts></resConst><resConst><Consts xmlns=""><useLimit>&lt;DIV STYLE="text-align:Left;"&gt;&lt;DIV&gt;&lt;DIV&gt;&lt;P&gt;&lt;SPAN&gt;HUD and the dataset and metadata authors assume no responsibility for the use or misuse of the dataset. No warranty, expressed or implied is made with regard to the accuracy of the spatial accuracy, and no liability is assumed by the U.S. Government in general, the dataset creators or the U.S. Department of Housing and Urban Development specifically, as to the spatial or attribute accuracy of the data.&lt;/SPAN&gt;&lt;/P&gt;&lt;/DIV&gt;&lt;/DIV&gt;&lt;/DIV&gt;</useLimit></Consts></resConst><spatRpType><SpatRepTypCd value="001"/></spatRpType><dataLang><languageCode value="eng"/><countryCode value="USA" Sync="TRUE"/></dataLang><dataExt xmlns=""><geoEle xmlns=""><GeoBndBox><westBL>-180</westBL><eastBL>180</eastBL><southBL>-23.171213</southBL><northBL>85.237839</northBL><exTypeCode>1</exTypeCode></GeoBndBox></geoEle><exDesc>CoC FY2019.</exDesc><tempEle><TempExtent><exTemp><TM_Period xmlns=""><tmBegin>2019-01-01T00:00:00</tmBegin><tmEnd>2019-12-31T00:00:00</tmEnd></TM_Period></exTemp></TempExtent></tempEle></dataExt><dataChar><CharSetCd value="004"/></dataChar><envirDesc Sync="TRUE"> Version 6.2 (Build 9200) ; Esri ArcGIS 10.7.1.11595</envirDesc><dataExt xmlns=""><geoEle xmlns=""><GeoBndBox esriExtentType="search"><exTypeCode Sync="TRUE">1</exTypeCode><westBL Sync="TRUE">-79.016305</westBL><eastBL Sync="TRUE">-78.699316</eastBL><northBL Sync="TRUE">36.239320</northBL><southBL Sync="TRUE">35.863210</southBL></GeoBndBox></geoEle></dataExt></dataIdInfo><mdMaint xmlns=""><maintFreq><MaintFreqCd value="008"/></maintFreq><maintCont xmlns=""><rpOrgName>ICF International</rpOrgName><rpCntInfo xmlns=""><cntPhone><voiceNum tddtty="">703-934-3731</voiceNum></cntPhone><cntAddress addressType="physical"><delPoint>9300 Lee Highway</delPoint><city>Fairfax</city><adminArea>VA</adminArea><postCode>22031</postCode><country>US</country><eMailAdd>info@hudhre.info</eMailAdd></cntAddress><cntHours>9:00 a.m. to 5:00 p.m. Eastern Standard Time</cntHours></rpCntInfo><role><RoleCd value="007"/></role><displayName>ICF International</displayName></maintCont><dateNext>2021-01-01T00:00:00</dateNext></mdMaint><dqInfo xmlns=""><dqScope><scpLvl><ScopeCd value="005"/></scpLvl></dqScope><dataLineage><statement>The data set is composed of an aggregate of State and Territory, County (or equivalent), Municipal and County Subdivision (Township or equivalent) boundary data. The resulting aggregate polygons have been cleaned and are accurate representations of the CoC geographic areas as decscribed by the HUD geocodes. Polygon accuracy is a function of the original dataset scale and congurency of the different polygon boundary files used to define the CoC boundaries.</statement><dataSource xmlns="" type=""><srcDesc>County &amp; Municipio, Cousub &amp; Place boundary data.</srcDesc><srcCitatn xmlns=""><resTitle>U.S. Census Bureau, 2017 Shapefile Boundaries.</resTitle></srcCitatn></dataSource><prcStep xmlns=""><stepDesc>In order to create the boundaries for the 2019 Continuums of Care, data was combined through a series of steps based on the HUD geocode definitions. The basis of CoC geographic boundaries are the State (or Territory), County (Municipio in Puerto Rico), County Subdivision (Township) or Municipal (City) boundaries with which each CoC is associated. The boundary for any particular CoC can be a combination of any of the above mentioned geographic boundary categories. CoC boundaries were calculated by the intersection of the above mentioned geographic boundary categories, as defined by the HUD geocodes and US Census Bureau geography. </stepDesc><stepDateTm>2020-03-02T00:00:00</stepDateTm></prcStep></dataLineage><report type="DQConcConsis" dimension="horizontal" xmlns=""><measDesc>The data set is composed of an aggregate of State and Territory, County (or equivalent), Municipal and County Subdivision (Township) boundary data. </measDesc><measId xmlns=""><identCode>N/A</identCode></measId><measResult><ConResult xmlns=""><conSpec xmlns=""><resTitle>N/A</resTitle><date><createDate>2013-08-01T00:00:00</createDate></date><resEdDate>20130101</resEdDate></conSpec><conExpl>The data set is composed of an aggregate of State and Territory, County, Municipal and County Subdivision (Township) boundary data. The resulting aggregate polygons have been cleaned and are accurate representations of the CoC geographic areas as decscribed by the HUD geocodes. Polygon accuracy is a function of the original dataset scale and congurency of the different polygon boundary files used to define the CoC boundaries.</conExpl><conPass>0</conPass></ConResult></measResult></report><report type="DQCompOm" dimension="horizontal" xmlns=""><measDesc>The data set is a complete representation of the input HUD geocodes.</measDesc><measId xmlns=""><identCode>N/A</identCode></measId></report></dqInfo><eainfo><detailed Name="NC_502" xmlns=""><enttyp><enttypl Sync="TRUE">NC_502</enttypl><enttypt Sync="TRUE">Feature Class</enttypt><enttypc Sync="TRUE">1</enttypc><enttypd>Continuum of Care (CoC) geographic boundaries.</enttypd><enttypds>HUD</enttypds></enttyp><attr><attrlabl Sync="TRUE">FID</attrlabl><attalias Sync="TRUE">FID</attalias><attrtype Sync="TRUE">OID</attrtype><attwidth Sync="TRUE">4</attwidth><atprecis Sync="TRUE">0</atprecis><attscale Sync="TRUE">0</attscale><attrdef Sync="TRUE">Internal feature number.</attrdef><attrdefs Sync="TRUE">Esri</attrdefs><attrdomv><udom Sync="TRUE">Sequential unique whole numbers that are automatically generated.</udom></attrdomv></attr><attr xmlns=""><attrlabl>ST</attrlabl><attrdef>State Abbreviation</attrdef><attalias Sync="TRUE">ST</attalias><attrtype Sync="TRUE">String</attrtype><attwidth Sync="TRUE">254</attwidth><atprecis Sync="TRUE">0</atprecis><attscale Sync="TRUE">0</attscale><attrdefs>US Census Bureau</attrdefs></attr><attr xmlns=""><attrlabl>CoCName</attrlabl><attrdef>CoC Name</attrdef><attalias Sync="TRUE">COCNAME</attalias><attrtype Sync="TRUE">String</attrtype><attwidth Sync="TRUE">254</attwidth><atprecis Sync="TRUE">0</atprecis><attscale Sync="TRUE">0</attscale><attrdefs>HUD</attrdefs></attr><attr xmlns=""><attrlabl>Shape_Area</attrlabl><attrdef>Area of feature in internal units squared.</attrdef><attrdefs>ESRI</attrdefs><attrdomv><udom>Positive real numbers that are automatically generated.</udom></attrdomv><attalias Sync="TRUE">Shape_Area</attalias><attrtype Sync="TRUE">Double</attrtype><attwidth Sync="TRUE">19</attwidth><atprecis Sync="TRUE">0</atprecis><attscale Sync="TRUE">0</attscale></attr><attr xmlns=""><attrlabl Sync="TRUE">STATE_NAME</attrlabl><attalias Sync="TRUE">STATE_NAME</attalias><attrtype Sync="TRUE">String</attrtype><attwidth Sync="TRUE">254</attwidth><atprecis Sync="TRUE">0</atprecis><attscale Sync="TRUE">0</attscale><attrdef>State Name</attrdef><attrdefs>US Census Bureau</attrdefs></attr><attr xmlns=""><attrlabl>CoCNum</attrlabl><attrdef>CoC Number</attrdef><attalias Sync="TRUE">COCNUM</attalias><attrtype Sync="TRUE">String</attrtype><attwidth Sync="TRUE">254</attwidth><atprecis Sync="TRUE">0</atprecis><attscale Sync="TRUE">0</attscale><attrdefs>HUD</attrdefs></attr><attr xmlns=""><attrlabl Sync="TRUE">ARD</attrlabl><attalias Sync="TRUE">ARD</attalias><attrtype Sync="TRUE">Double</attrtype><attwidth Sync="TRUE">19</attwidth><atprecis Sync="TRUE">0</atprecis><attscale Sync="TRUE">0</attscale><attrdef>Annual Renewal Demand.</attrdef><attrdefs>HUD</attrdefs></attr><attr xmlns=""><attrlabl Sync="TRUE">PPRN</attrlabl><attalias Sync="TRUE">PPRN</attalias><attrtype Sync="TRUE">Double</attrtype><attwidth Sync="TRUE">19</attwidth><atprecis Sync="TRUE">0</atprecis><attscale Sync="TRUE">0</attscale><attrdef>Preliminary Pro-Rata Need.</attrdef><attrdefs>HUD</attrdefs></attr><attr xmlns=""><attrlabl Sync="TRUE">FPRN</attrlabl><attalias Sync="TRUE">FPRN</attalias><attrtype Sync="TRUE">Double</attrtype><attwidth Sync="TRUE">19</attwidth><atprecis Sync="TRUE">0</atprecis><attscale Sync="TRUE">0</attscale><attrdef>Final Pro-Rata Need.</attrdef><attrdefs>HUD</attrdefs></attr><attr><attrlabl Sync="TRUE">FPRN_Statu</attrlabl><attalias Sync="TRUE">FPRN_Statu</attalias><attrtype Sync="TRUE">String</attrtype><attwidth Sync="TRUE">254</attwidth><atprecis Sync="TRUE">0</atprecis><attscale Sync="TRUE">0</attscale></attr><attr xmlns=""><attrlabl Sync="TRUE">ES_C_HWAC</attrlabl><attalias Sync="TRUE">ES_C_HWAC</attalias><attrtype Sync="TRUE">Double</attrtype><attwidth Sync="TRUE">19</attwidth><atprecis Sync="TRUE">0</atprecis><attscale Sync="TRUE">0</attscale><attrdef>Emergency Shelter Beds - Year Round Beds for Households with Adult(s) and Child(ren) </attrdef><attrdefs>HUD</attrdefs></attr><attr><attrlabl Sync="TRUE">ES_C_HWOA_</attrlabl><attalias Sync="TRUE">ES_C_HWOA_</attalias><attrtype Sync="TRUE">Double</attrtype><attwidth Sync="TRUE">19</attwidth><atprecis Sync="TRUE">0</atprecis><attscale Sync="TRUE">0</attscale></attr><attr xmlns=""><attrlabl Sync="TRUE">ES_C_HWOC</attrlabl><attalias Sync="TRUE">ES_C_HWOC</attalias><attrtype Sync="TRUE">Double</attrtype><attwidth Sync="TRUE">19</attwidth><atprecis Sync="TRUE">0</atprecis><attscale Sync="TRUE">0</attscale><attrdef>Emergency Shelter Beds – Year Round Beds for Households with Only Children</attrdef><attrdefs>HUD</attrdefs></attr><attr xmlns=""><attrlabl Sync="TRUE">ES_VSO_TOT</attrlabl><attalias Sync="TRUE">ES_VSO_TOT</attalias><attrtype Sync="TRUE">Double</attrtype><attwidth Sync="TRUE">19</attwidth><atprecis Sync="TRUE">0</atprecis><attscale Sync="TRUE">0</attscale><attrdef>Emergency Shelter Beds - Voucher/Seasonal/Overflow Beds total.</attrdef><attrdefs>HUD</attrdefs></attr><attr><attrlabl Sync="TRUE">TH_C_HWAC_</attrlabl><attalias Sync="TRUE">TH_C_HWAC_</attalias><attrtype Sync="TRUE">Double</attrtype><attwidth Sync="TRUE">19</attwidth><atprecis Sync="TRUE">0</atprecis><attscale Sync="TRUE">0</attscale></attr><attr xmlns=""><attrlabl Sync="TRUE">TH_C_HWOA</attrlabl><attalias Sync="TRUE">TH_C_HWOA</attalias><attrtype Sync="TRUE">Double</attrtype><attwidth Sync="TRUE">19</attwidth><atprecis Sync="TRUE">0</atprecis><attscale Sync="TRUE">0</attscale><attrdef>Transitional Housing Beds - Beds for Households with Only Adults</attrdef><attrdefs>HUD</attrdefs></attr><attr xmlns=""><attrlabl Sync="TRUE">TH_C_HWOC</attrlabl><attalias Sync="TRUE">TH_C_HWOC</attalias><attrtype Sync="TRUE">Double</attrtype><attwidth Sync="TRUE">19</attwidth><atprecis Sync="TRUE">0</atprecis><attscale Sync="TRUE">0</attscale><attrdef>Transitional Housing Beds - Beds for Households with Only Children</attrdef><attrdefs>HUD</attrdefs></attr><attr xmlns=""><attrlabl Sync="TRUE">TH_C_VET</attrlabl><attalias Sync="TRUE">TH_C_VET</attalias><attrtype Sync="TRUE">Double</attrtype><attwidth Sync="TRUE">19</attwidth><atprecis Sync="TRUE">0</atprecis><attscale Sync="TRUE">0</attscale><attrdef>Transitional Housing beds designated for veterans; a subset of TH adult beds.</attrdef><attrdefs>HUD</attrdefs></attr><attr><attrlabl Sync="TRUE">RRH_C_HWAC</attrlabl><attalias Sync="TRUE">RRH_C_HWAC</attalias><attrtype Sync="TRUE">Double</attrtype><attwidth Sync="TRUE">19</attwidth><atprecis Sync="TRUE">0</atprecis><attscale Sync="TRUE">0</attscale></attr><attr xmlns=""><attrlabl Sync="TRUE">RRH_C_HWOA</attrlabl><attalias Sync="TRUE">RRH_C_HWOA</attalias><attrtype Sync="TRUE">Double</attrtype><attwidth Sync="TRUE">19</attwidth><atprecis Sync="TRUE">0</atprecis><attscale Sync="TRUE">0</attscale><attrdef>Rapid Re-housing Beds - Beds for Households with Only Adults</attrdef><attrdefs>HUD</attrdefs></attr><attr xmlns=""><attrlabl Sync="TRUE">RRH_C_HWOC</attrlabl><attalias Sync="TRUE">RRH_C_HWOC</attalias><attrtype Sync="TRUE">Double</attrtype><attwidth Sync="TRUE">19</attwidth><atprecis Sync="TRUE">0</atprecis><attscale Sync="TRUE">0</attscale><attrdef>Rapid Re-housing Beds - Beds for Households with Only Children</attrdef><attrdefs>HUD</attrdefs></attr><attr xmlns=""><attrlabl Sync="TRUE">RRH_C_VET</attrlabl><attalias Sync="TRUE">RRH_C_VET</attalias><attrtype Sync="TRUE">Double</attrtype><attwidth Sync="TRUE">19</attwidth><atprecis Sync="TRUE">0</atprecis><attscale Sync="TRUE">0</attscale><attrdef>Rapid Re-housing beds designated for veterans; a subset of RRH adult beds.</attrdef><attrdefs>HUD</attrdefs></attr><attr><attrlabl Sync="TRUE">PSH_C_HWAC</attrlabl><attalias Sync="TRUE">PSH_C_HWAC</attalias><attrtype Sync="TRUE">Double</attrtype><attwidth Sync="TRUE">19</attwidth><atprecis Sync="TRUE">0</atprecis><attscale Sync="TRUE">0</attscale></attr><attr xmlns=""><attrlabl Sync="TRUE">PSH_C_HWOA</attrlabl><attalias Sync="TRUE">PSH_C_HWOA</attalias><attrtype Sync="TRUE">Double</attrtype><attwidth Sync="TRUE">19</attwidth><atprecis Sync="TRUE">0</atprecis><attscale Sync="TRUE">0</attscale><attrdef>Permanent Supportive Housing beds for Households with Only Adults</attrdef><attrdefs>HUD</attrdefs></attr><attr xmlns=""><attrlabl Sync="TRUE">PSH_C_HWOC</attrlabl><attalias Sync="TRUE">PSH_C_HWOC</attalias><attrtype Sync="TRUE">Double</attrtype><attwidth Sync="TRUE">19</attwidth><atprecis Sync="TRUE">0</atprecis><attscale Sync="TRUE">0</attscale><attrdef>Permanent Supportive Housing beds for Households with Only Children</attrdef><attrdefs>HUD</attrdefs></attr><attr xmlns=""><attrlabl Sync="TRUE">PSH_C_VET</attrlabl><attalias Sync="TRUE">PSH_C_VET</attalias><attrtype Sync="TRUE">Double</attrtype><attwidth Sync="TRUE">19</attwidth><atprecis Sync="TRUE">0</atprecis><attscale Sync="TRUE">0</attscale><attrdef>Permanent Supportive Housing beds designated for veterans; a subset of year round PSH adult beds.</attrdef><attrdefs>HUD</attrdefs></attr><attr xmlns=""><attrlabl Sync="TRUE">PSH_C_CH</attrlabl><attalias Sync="TRUE">PSH_C_CH</attalias><attrtype Sync="TRUE">Double</attrtype><attwidth Sync="TRUE">19</attwidth><atprecis Sync="TRUE">0</atprecis><attscale Sync="TRUE">0</attscale><attrdef>Permanent Supportive Housing beds designated for chronically homeless persons; may be a subset of year round PSH adult beds.</attrdef><attrdefs>HUD</attrdefs></attr><attr><attrlabl Sync="TRUE">PSH_U_HWAC</attrlabl><attalias Sync="TRUE">PSH_U_HWAC</attalias><attrtype Sync="TRUE">String</attrtype><attwidth Sync="TRUE">254</attwidth><atprecis Sync="TRUE">0</atprecis><attscale Sync="TRUE">0</attscale></attr><attr xmlns=""><attrlabl Sync="TRUE">PSH_U_HWOA</attrlabl><attalias Sync="TRUE">PSH_U_HWOA</attalias><attrtype Sync="TRUE">String</attrtype><attwidth Sync="TRUE">254</attwidth><atprecis Sync="TRUE">0</atprecis><attscale Sync="TRUE">0</attscale><attrdef>Under Development Permanent Supportive Housing Beds - Year Round Beds - Households with Only Adults
</attrdef><attrdefs>HUD</attrdefs></attr><attr xmlns=""><attrlabl Sync="TRUE">PSH_U_HWOC</attrlabl><attalias Sync="TRUE">PSH_U_HWOC</attalias><attrtype Sync="TRUE">String</attrtype><attwidth Sync="TRUE">254</attwidth><atprecis Sync="TRUE">0</atprecis><attscale Sync="TRUE">0</attscale><attrdef>Under Development Permanent Supportive Housing Beds – Year Round Beds for Households with Only Children
</attrdef><attrdefs>HUD</attrdefs></attr><attr xmlns=""><attrlabl Sync="TRUE">PSH_U_VET</attrlabl><attalias Sync="TRUE">PSH_U_VET</attalias><attrtype Sync="TRUE">String</attrtype><attwidth Sync="TRUE">254</attwidth><atprecis Sync="TRUE">0</atprecis><attscale Sync="TRUE">0</attscale><attrdef>Under Development Permanent Supportive Housing beds designated for veterans
</attrdef><attrdefs>HUD</attrdefs></attr><attr xmlns=""><attrlabl Sync="TRUE">PSH_U_CH</attrlabl><attalias Sync="TRUE">PSH_U_CH</attalias><attrtype Sync="TRUE">String</attrtype><attwidth Sync="TRUE">254</attwidth><atprecis Sync="TRUE">0</atprecis><attscale Sync="TRUE">0</attscale><attrdef>Under Development Permanent Supportive Housing beds designated for chronically homeless persons
</attrdef><attrdefs>HUD</attrdefs></attr><attr xmlns=""><attrlabl Sync="TRUE">SH_C_HWOA</attrlabl><attalias Sync="TRUE">SH_C_HWOA</attalias><attrtype Sync="TRUE">Double</attrtype><attwidth Sync="TRUE">19</attwidth><atprecis Sync="TRUE">0</atprecis><attscale Sync="TRUE">0</attscale><attrdef>Safe Haven beds for Households with Only Adults.</attrdef><attrdefs>HUD</attrdefs></attr><attr xmlns=""><attrlabl Sync="TRUE">SH_C_VET</attrlabl><attalias Sync="TRUE">SH_C_VET</attalias><attrtype Sync="TRUE">Double</attrtype><attwidth Sync="TRUE">19</attwidth><atprecis Sync="TRUE">0</atprecis><attscale Sync="TRUE">0</attscale><attrdef>Safe Haven beds designated for veterans; a subset of SH adult beds.</attrdef><attrdefs>HUD</attrdefs></attr><attr><attrlabl Sync="TRUE">Sh_Pers_HW</attrlabl><attalias Sync="TRUE">Sh_Pers_HW</attalias><attrtype Sync="TRUE">Double</attrtype><attwidth Sync="TRUE">19</attwidth><atprecis Sync="TRUE">0</atprecis><attscale Sync="TRUE">0</attscale></attr><attr><attrlabl Sync="TRUE">Unsh_Pers_</attrlabl><attalias Sync="TRUE">Unsh_Pers_</attalias><attrtype Sync="TRUE">Double</attrtype><attwidth Sync="TRUE">19</attwidth><atprecis Sync="TRUE">0</atprecis><attscale Sync="TRUE">0</attscale></attr><attr><attrlabl Sync="TRUE">Sh_Pers__1</attrlabl><attalias Sync="TRUE">Sh_Pers__1</attalias><attrtype Sync="TRUE">Double</attrtype><attwidth Sync="TRUE">19</attwidth><atprecis Sync="TRUE">0</atprecis><attscale Sync="TRUE">0</attscale></attr><attr><attrlabl Sync="TRUE">Unsh_Pers1</attrlabl><attalias Sync="TRUE">Unsh_Pers1</attalias><attrtype Sync="TRUE">Double</attrtype><attwidth Sync="TRUE">19</attwidth><atprecis Sync="TRUE">0</atprecis><attscale Sync="TRUE">0</attscale></attr><attr><attrlabl Sync="TRUE">Sh_Pers__2</attrlabl><attalias Sync="TRUE">Sh_Pers__2</attalias><attrtype Sync="TRUE">Double</attrtype><attwidth Sync="TRUE">19</attwidth><atprecis Sync="TRUE">0</atprecis><attscale Sync="TRUE">0</attscale></attr><attr><attrlabl Sync="TRUE">Unsh_Per_1</attrlabl><attalias Sync="TRUE">Unsh_Per_1</attalias><attrtype Sync="TRUE">Double</attrtype><attwidth Sync="TRUE">19</attwidth><atprecis Sync="TRUE">0</atprecis><attscale Sync="TRUE">0</attscale></attr><attr xmlns=""><attrlabl Sync="TRUE">Sh_CH</attrlabl><attalias Sync="TRUE">Sh_CH</attalias><attrtype Sync="TRUE">Double</attrtype><attwidth Sync="TRUE">19</attwidth><atprecis Sync="TRUE">0</atprecis><attscale Sync="TRUE">0</attscale><attrdef>Chronically homeless sheltered adults
</attrdef><attrdefs>HUD</attrdefs></attr><attr xmlns=""><attrlabl Sync="TRUE">Unsh_CH</attrlabl><attalias Sync="TRUE">Unsh_CH</attalias><attrtype Sync="TRUE">Double</attrtype><attwidth Sync="TRUE">19</attwidth><atprecis Sync="TRUE">0</atprecis><attscale Sync="TRUE">0</attscale><attrdef>Chronically homeless unsheltered adults
</attrdef><attrdefs>HUD</attrdefs></attr><attr><attrlabl Sync="TRUE">Sh_Youth_U</attrlabl><attalias Sync="TRUE">Sh_Youth_U</attalias><attrtype Sync="TRUE">Double</attrtype><attwidth Sync="TRUE">19</attwidth><atprecis Sync="TRUE">0</atprecis><attscale Sync="TRUE">0</attscale></attr><attr><attrlabl Sync="TRUE">Unsh_Youth</attrlabl><attalias Sync="TRUE">Unsh_Youth</attalias><attrtype Sync="TRUE">Double</attrtype><attwidth Sync="TRUE">19</attwidth><atprecis Sync="TRUE">0</atprecis><attscale Sync="TRUE">0</attscale></attr><attr xmlns=""><attrlabl Sync="TRUE">Sh_Vets</attrlabl><attalias Sync="TRUE">Sh_Vets</attalias><attrtype Sync="TRUE">Double</attrtype><attwidth Sync="TRUE">19</attwidth><atprecis Sync="TRUE">0</atprecis><attscale Sync="TRUE">0</attscale><attrdef>Sheltered Veterans
</attrdef><attrdefs>HUD</attrdefs></attr><attr xmlns=""><attrlabl Sync="TRUE">Unsh_Vets</attrlabl><attalias Sync="TRUE">Unsh_Vets</attalias><attrtype Sync="TRUE">Double</attrtype><attwidth Sync="TRUE">19</attwidth><atprecis Sync="TRUE">0</atprecis><attscale Sync="TRUE">0</attscale><attrdef>Unsheltered Veterans
</attrdef><attrdefs>HUD</attrdefs></attr><attr><attrlabl Sync="TRUE">Shape_Leng</attrlabl><attalias Sync="TRUE">Shape_Leng</attalias><attrtype Sync="TRUE">Double</attrtype><attwidth Sync="TRUE">19</attwidth><atprecis Sync="TRUE">0</atprecis><attscale Sync="TRUE">0</attscale></attr><attr xmlns=""><attrlabl>Shape</attrlabl><attrdef>Feature geometry.</attrdef><attrdefs>ESRI</attrdefs><attrdomv><udom>Coordinates defining the features.</udom></attrdomv><attalias Sync="TRUE">Shape</attalias><attrtype Sync="TRUE">Geometry</attrtype><attwidth Sync="TRUE">0</attwidth><atprecis Sync="TRUE">0</atprecis><attscale Sync="TRUE">0</attscale></attr></detailed><overview xmlns=""><eadetcit>Department of Housing and Urban Development Continuum of Care Homeless Assistance Programs, 69 Fed. Reg. 27495 (May 14, 2004).</eadetcit><eaover>FY19 CoC attributes including Annual Renewal Demand (ARD) / Final Pro-Rata Need (FPRN) Status and Preliminary Pro-Rata Need (PPRN) totals, as well as select Housing Inventory Count (HIC) and Point-In-Time (PIT) variables as available.</eaover></overview></eainfo><mdHrLvName Sync="TRUE">dataset</mdHrLvName><refSysInfo><RefSystem><refSysID><identCode code="4269" Sync="TRUE"/><idCodeSpace Sync="TRUE">EPSG</idCodeSpace><idVersion Sync="TRUE">6.12(3.0.1)</idVersion></refSysID></RefSystem></refSysInfo><spatRepInfo><VectSpatRep><geometObjs Name="NC_502"><geoObjTyp><GeoObjTypCd value="002" Sync="TRUE"></GeoObjTypCd></geoObjTyp><geoObjCnt Sync="TRUE">1</geoObjCnt></geometObjs><topLvl><TopoLevCd value="001" Sync="TRUE"></TopoLevCd></topLvl></VectSpatRep></spatRepInfo><spdoinfo><ptvctinf><esriterm Name="NC_502"><efeatyp Sync="TRUE">Simple</efeatyp><efeageom code="4" Sync="TRUE"></efeageom><esritopo Sync="TRUE">FALSE</esritopo><efeacnt Sync="TRUE">1</efeacnt><spindex Sync="TRUE">TRUE</spindex><linrefer Sync="TRUE">FALSE</linrefer></esriterm></ptvctinf></spdoinfo><mdDateSt Sync="TRUE">20200302</mdDateSt></metadata>
