<?xml version="1.0" encoding="UTF-8"?>
<metadata xml:lang="en">
	<idinfo>
		<citation>
			<citeinfo>
				<origin>U.S. Department of Housing and Urban Development (HUD)</origin>
				<pubdate>06/2009</pubdate>
				<title Sync="TRUE">AL08_506</title>
				<geoform Sync="TRUE">vector digital data</geoform>
				<ftname Sync="TRUE">AL08_506</ftname>
				<onlink>http://www.hudhre.info/index.cfm?do=viewCoCMapsAndReports</onlink></citeinfo>
		</citation>
		<descript>
			<abstract>The dataset contains the geographic boundaries for The U.S. Department of Housing and Urban Development's Continuum of Care (CoC) areas. The dataset is current for 2008 and contains the geographic boundaries for all of the 2008 claimed CoC areas and includes funding status information.</abstract>
			<purpose>The U.S. Department of Housing and Urban Development is providing these data sets for use by continuum of care grantees, homeless services planners and research institutions.  Because HUD provides competitive funding for homeless services through a continuum of care structure that is developed at the local level, outside research based on this structure cannot be accomplished without the provision of the geographic boundaries and related data provided herein.  Therefore, this data set was developed to make the Continuum of Care process and funding as transparent as possible to the public.</purpose>
			<langdata Sync="TRUE">en</langdata>
		</descript>
		<timeperd>
			<timeinfo>
				<rngdates>
					<begdate>01/01/2008</begdate>
					<enddate>12/31/2008</enddate>
				</rngdates>
			</timeinfo>
			<current>2008 Calender Year</current>
		</timeperd>
		<status>
			<progress>Complete</progress>
			<update>Annually</update>
		</status>
		<spdom>
			<bounding>
				<westbc Sync="TRUE">-87.897808</westbc>
				<eastbc Sync="TRUE">-87.024518</eastbc>
				<northbc Sync="TRUE">33.632663</northbc>
				<southbc Sync="TRUE">32.964058</southbc>
			</bounding>
			<lboundng>
				<leftbc Sync="TRUE">720354.561561</leftbc>
				<rightbc Sync="TRUE">791625.388237</rightbc>
				<topbc Sync="TRUE">-716252.410656</topbc>
				<bottombc Sync="TRUE">-788021.564882</bottombc>
			</lboundng>
		</spdom>
		<keywords>
			<theme>
				<themekt>Department of Housing and Urban Development Continuum of Care Homeless Assistance Programs, 69 Fed. Reg. 27495 (May 14, 2004).</themekt>
				<themekey>Continuum of Care</themekey>
				<themekey>CoC</themekey>
				<themekey>Homeless</themekey>
			</theme>
		</keywords>
		<accconst>The dataset can be downloaded from The U.S. Department of Housing and Urban Development website, http://hudhre.info/index.cfm?do=viewCoCMapsAndReports.  The dataset may only be re-distributed in original form and may not be distributed in part or in modified form.</accconst>
		<useconst>The dataset is available for public use.  The dataset, or any portions thereof, may not be modified from its original form or used for any commerical purposes without written permission from The U.S. Department of Housing and Urban Development. The U.S. Department of Housing and Urban Development must be cited as the source when this dataset is used in publications, analysis or other documents for public use.</useconst>
		<ptcontac>
			<cntinfo>
				<cntorgp>
					<cntorg>ICF International</cntorg>
				</cntorgp>
				<cntaddr>
					<addrtype>mailing and physical address</addrtype>
					<address>9300 Lee Highway</address>
					<city>Fairfax</city>
					<state>VA</state>
					<postal>22031</postal>
					<country>USA</country>
				</cntaddr>
				<cntvoice>703-934-3731</cntvoice>
				<cntemail>info@hudhre.info</cntemail>
				<hours>9:00 a.m. to 5:00 p.m. Eastern Standard Time</hours>
			</cntinfo>
		</ptcontac>
		<datacred>This data set was developed by the U.S. Department of Housing and Urban Development (HUD).</datacred>
		<native Sync="TRUE">Microsoft Windows XP Version 5.1 (Build 2600) Service Pack 3; ESRI ArcCatalog 9.3.0.1770</native>
		<natvform Sync="TRUE">Shapefile</natvform>
	</idinfo>
	<dataqual>
		<attracc>
			<attraccr>Non-internal attributes are all HUD provided data and are accurate for the 2008 CoC calender year.</attraccr>
		</attracc>
		<logic>The data set is composed of an aggregate of State and Territory, County, Municipal and County Subdivision (Township) boundary data.  The resulting aggregate polygons have been cleaned and are accurate representations of the CoC geographic areas as decscribed by the HUD geocodes.  Polygon accuracy is a function of the original dataset scale and congurency of the different polygon boundary files used to define the CoC boundaries.</logic>
		<complete>The data set is a complete representation of the input HUD geocodes.</complete>
		<posacc>
			<horizpa>
				<horizpar>The dataset is dervied from original State, County and territory Boundary data at a scale of approximately 1:80,000,000 and County Subdivision data at a scale of approximately 1:13,000,000.  The dataset may not be suitable for high-precision measurement applications such as engineering calculations, property boundary analysis, or other uses that might require highly accurate measurements of the earth's surface.</horizpar>
			</horizpa>
			<vertacc>
			</vertacc>
		</posacc>
		<lineage>
			<srcinfo>
				<srccite>
					<citeinfo>
						<title>ArcGIS 9 ESRI Data &amp; Maps Media Kit</title>
					</citeinfo>
				</srccite>
				<srcscale>83,000,000</srcscale>
				<typesrc>CD-ROM</typesrc>
				<srccitea>ESRI Data and Maps Media Kit.</srccitea>
				<srccontr>State, County, Territiory and Municipality boundary data.</srccontr>
			</srcinfo>
			<srcinfo>
				<srccite>
					<citeinfo>
						<origin>U.S. Census Bureau</origin>
						<title>U.S. Census Bureau Census 2000 County Subdivisions </title>
						<onlink>http://www.census.gov/geo/www/cob/cs2000.html</onlink>
					</citeinfo>
				</srccite>
				<srcscale>13,000,000</srcscale>
				<typesrc>online</typesrc>
				<srccitea>2000 Census County Sub-division boundary data.</srccitea>
				<srccontr>County Sub-division boundary data.</srccontr>
			</srcinfo>
			<procstep>
				<procdesc>In order to create the boundaries for the 2008 Continuums of Care, data was combined through a series of steps based on the HUD geocode definitions.  The basis of CoC geographic boundaries are the State (or Territory), County (Municipio in Puerto Rico), County Subdivision (Township) or Municipal (City) boundaries with which each CoC is associated.  The boundary for any particular CoC can be a combination of any of the above mentioned geographic boundary categories.  CoC boundaries were calculated by the intersection of the above mentioned geographic boundary categories, as defined by the HUD geocodes.  The process involved the following steps:

1) Create a list of 2008 CoCs with all the associated type data, geocodes, and CoC ID numbers.

2) Divide the list into its component County, County Subdivision or Municipal associations based on an analysis of the type data and geocode.

3) Join the lists to the corresponding GIS boundary files for County, County Subdivision or Municipalities, and

4) Merge the resulting boundaries and dissolve polygons based on the CoC number to create the appropriate CoC boundaries.</procdesc>
				<procdate>1/01/09 - 6/01/09</procdate>
				<procsv>ArcGIS 9.3</procsv>
			</procstep>
			<procstep><procdesc Sync="TRUE">Dataset copied.</procdesc><srcused Sync="TRUE"></srcused><procdate Sync="TRUE">20090616</procdate><proctime Sync="TRUE">10422700</proctime></procstep></lineage>
	</dataqual>
	<spdoinfo>
		<direct Sync="TRUE">Vector</direct>
		<ptvctinf>
			<sdtsterm Name="AL08_506">
				<sdtstype Sync="TRUE">G-polygon</sdtstype>
				<ptvctcnt Sync="TRUE">1</ptvctcnt>
			</sdtsterm>
			<esriterm Name="AL08_506">
				<efeatyp Sync="TRUE">Simple</efeatyp>
				<esritopo Sync="TRUE">FALSE</esritopo>
				<linrefer Sync="TRUE">FALSE</linrefer>
				<spindex Sync="TRUE">TRUE</spindex>
				<efeageom Sync="TRUE">Polygon</efeageom>
				<efeacnt Sync="TRUE">1</efeacnt>
			</esriterm>
		</ptvctinf>
		<indspref>Boundaries</indspref></spdoinfo>
	<spref>
		<horizsys>
			<geodetic>
				<horizdn Sync="TRUE">North American Datum of 1983</horizdn>
				<ellips Sync="TRUE">Geodetic Reference System 80</ellips>
				<semiaxis Sync="TRUE">6378137.000000</semiaxis>
				<denflat Sync="TRUE">298.257222</denflat>
			</geodetic>
			<cordsysn>
				<geogcsn Sync="TRUE">GCS_North_American_1983</geogcsn>
				<projcsn Sync="TRUE">North_America_Albers_Equal_Area_Conic</projcsn></cordsysn>
			<planar><planci><plance Sync="TRUE">coordinate pair</plance><plandu Sync="TRUE">meters</plandu><coordrep><absres Sync="TRUE">0.000000</absres><ordres Sync="TRUE">0.000000</ordres></coordrep></planci><mapproj><mapprojn Sync="TRUE">Albers Conical Equal Area</mapprojn><albers><stdparll Sync="TRUE">20.000000</stdparll><stdparll Sync="TRUE">60.000000</stdparll><longcm Sync="TRUE">-96.000000</longcm><latprjo Sync="TRUE">40.000000</latprjo><feast Sync="TRUE">0.000000</feast><fnorth Sync="TRUE">0.000000</fnorth></albers></mapproj></planar></horizsys>
	</spref>
	<eainfo>
		<detailed Name="AL08_506">
			<attr>
				<attrlabl Sync="TRUE">STATUS</attrlabl>
				<attrdef>Funding code values.</attrdef>
				<attrdomv>
					<edom>
						<edomv>C</edomv>
						<edomvd>Competitively Funded</edomvd>
					</edom>
				</attrdomv>
				<attrdomv>
					<edom>
						<edomv>U</edomv>
						<edomvd>Non-competitively Funded.</edomvd>
					</edom>
				</attrdomv>
				<attrdomv>
					<edom>
						<edomv>N</edomv>
						<edomvd>Not Funded.</edomvd>
					</edom>
				</attrdomv>
				<attrvai>
					<attrva>Accurate</attrva>
					<attrvae>HUD provided data.</attrvae>
				</attrvai>
				<attalias Sync="TRUE">STATUS</attalias>
				<attrtype Sync="TRUE">String</attrtype>
				<attwidth Sync="TRUE">254</attwidth>
			</attr>
			<enttyp>
				<enttypl Sync="TRUE">AL08_506</enttypl>
				<enttypc Sync="TRUE">1</enttypc>
				<enttypt Sync="TRUE">Feature Class</enttypt>
			</enttyp>
			<attr>
				<attrlabl Sync="TRUE">FID</attrlabl>
				<attrdef Sync="TRUE">Internal feature number.</attrdef>
				<attrdefs Sync="TRUE">ESRI</attrdefs>
				<attrdomv>
					<udom Sync="TRUE">Sequential unique whole numbers that are automatically generated.</udom>
				</attrdomv>
				<attrvai>
					<attrva>n/a</attrva>
					<attrvae>Internal Identifier</attrvae>
				</attrvai>
				<attalias Sync="TRUE">FID</attalias>
				<attrtype Sync="TRUE">OID</attrtype>
				<attwidth Sync="TRUE">4</attwidth>
				<atprecis Sync="TRUE">0</atprecis><attscale Sync="TRUE">0</attscale></attr>
			<attr><attrlabl Sync="TRUE">COCNUM</attrlabl><attalias Sync="TRUE">COCNUM</attalias><attrtype Sync="TRUE">String</attrtype><attwidth Sync="TRUE">254</attwidth></attr><attr><attrlabl Sync="TRUE">COCNAME</attrlabl><attalias Sync="TRUE">COCNAME</attalias><attrtype Sync="TRUE">String</attrtype><attwidth Sync="TRUE">254</attwidth></attr><attr>
				<attrlabl Sync="TRUE">Shape</attrlabl>
				<attrdef Sync="TRUE">Feature geometry.</attrdef>
				<attrdefs Sync="TRUE">ESRI</attrdefs>
				<attrdomv>
					<udom Sync="TRUE">Coordinates defining the features.</udom>
				</attrdomv>
				<attalias Sync="TRUE">Shape</attalias>
				<attrtype Sync="TRUE">Geometry</attrtype>
				<attwidth Sync="TRUE">0</attwidth>
				<atprecis Sync="TRUE">0</atprecis><attscale Sync="TRUE">0</attscale></attr>
			<attr><attrlabl Sync="TRUE">08NEED</attrlabl><attalias Sync="TRUE">08NEED</attalias><attrtype Sync="TRUE">Number</attrtype><attwidth Sync="TRUE">19</attwidth><attrdef>Preliminary Pro-Rata Need dollar amount for 2008</attrdef><atnumdec Sync="TRUE">5</atnumdec></attr><attr><attrlabl Sync="TRUE">ST</attrlabl><attalias Sync="TRUE">ST</attalias><attrtype Sync="TRUE">String</attrtype><attwidth Sync="TRUE">254</attwidth><attrdef>State abbreviation</attrdef></attr><attr><attrlabl Sync="TRUE">PPRN</attrlabl><attalias Sync="TRUE">PPRN</attalias><attrtype Sync="TRUE">Number</attrtype><attwidth Sync="TRUE">19</attwidth><attrdef>Preliminary Pro-Rata Need dollar amount for 2008</attrdef><atnumdec Sync="TRUE">5</atnumdec></attr><attr><attrlabl Sync="TRUE">HHN</attrlabl><attalias Sync="TRUE">HHN</attalias><attrtype Sync="TRUE">Number</attrtype><attwidth Sync="TRUE">19</attwidth><attrdef>Hold Harmless Need dollar amount for 2008</attrdef><atnumdec Sync="TRUE">5</atnumdec></attr><attr><attrlabl Sync="TRUE">NeedStatus</attrlabl><attalias Sync="TRUE">NEEDSTATUS</attalias><attrtype Sync="TRUE">String</attrtype><attwidth Sync="TRUE">254</attwidth><attrdomv><edom><edomv>PPRN</edomv><edomvd>Preliminary Pro-Rata Need</edomvd></edom><edom><edomv>HHN</edomv><edomvd>Hold Harmless Need</edomvd></edom></attrdomv><attrdef>Need classification for 2008.</attrdef><atprecis Sync="TRUE">0</atprecis><attscale Sync="TRUE">0</attscale></attr></detailed>
		<overview>
			<eaover>FID &amp; Shape are internal identifiers.  CoCNUM  is the HUD code for the individual CoCs.  CoCNAME is the CoC name identifier.  ST is the abbeviation for the state in which the CoC is contained or classifed as being contained (in cases where CoCs cross state boundaries).  08NEED is the Preliminary Pro-Rata Need dollar amount for 2008.  Status is the funding code for the individual CoCs.  PPRN is the Preliminary Pro-Rata Need dollar amount for 2008.  HHN is the Hold Harmless Need dollar amount for 2008.  NeedStatus is the need classification for 2008.</eaover>
			<dsoverv>The dataset contains the geographic boundaries for The U.S. Department of Housing and Urban Development's Continuum of Care (CoC) areas. The dataset is current for 2008 and contains the geographic boundaries for all of the 2008 claimed CoC areas and includes funding status information.</dsoverv>
			<eadetcit>Department of Housing and Urban Development Continuum of Care Homeless Assistance Programs, 69 Fed. Reg. 27495 (May 14, 2004).</eadetcit></overview>
	</eainfo>
	<distinfo>
		<resdesc Sync="TRUE">Downloadable Data</resdesc>
		<distliab>HUD and the dataset and metadata authors assume no responsibility for the use or misuse of the dataset.  No warranty, expressed or implied is made with regard to the accuracy of the spatial accuracy, and no liability is assumed by the U.S. Government in general, the dataset creators or the U.S. Department of Housing and Urban Development specifically, as to the spatial or attribute accuracy of the data.</distliab>
		<stdorder>
			<digform>
				<digtinfo>
					<transize Sync="TRUE">0.014</transize>
					<dssize Sync="TRUE">0.014</dssize>
				</digtinfo>
			</digform>
		</stdorder>
		<distrib><cntinfo><cntaddr><addrtype>mailing and physical address</addrtype><address>9300 Lee Valley</address><city>Fairfax</city><state>VA</state><postal>22031</postal><country>USA</country></cntaddr><cntorgp><cntorg>ICF International</cntorg></cntorgp><cntvoice>703-934-3731</cntvoice><cntemail>info@hudhre.info</cntemail><hours>9:00 a.m. to 5:00 p.m. Eastern Standard Time</hours></cntinfo></distrib></distinfo>
	<metainfo>
		<metd Sync="TRUE">20090905</metd>
		<metc>
			<cntinfo>
				<cntorgp>
					<cntorg>ICF International</cntorg>
				</cntorgp>
				<cntaddr>
					<addrtype>mailing and physical address</addrtype>
					<address>9300 Lee Highway</address>
					<city>Fairfax</city>
					<state>VA</state>
					<postal>22031</postal>
					<country>USA</country>
				</cntaddr>
				<cntvoice>703-934-3731</cntvoice>
				<cntemail>info@hudhre.info</cntemail>
				<hours>9:00 a.m. to 5:00 p.m. Eastern Standard Time</hours>
			</cntinfo>
		</metc>
		<metstdn Sync="TRUE">FGDC Content Standards for Digital Geospatial Metadata</metstdn>
		<metstdv Sync="TRUE">FGDC-STD-001-1998</metstdv>
		<mettc Sync="TRUE">local time</mettc>
		<langmeta Sync="TRUE">en</langmeta>
		<metextns><onlink Sync="TRUE">http://www.esri.com/metadata/esriprof80.html</onlink><metprof Sync="TRUE">ESRI Metadata Profile</metprof></metextns></metainfo>
	<dataIdInfo>
		<envirDesc Sync="TRUE">Microsoft Windows XP Version 5.1 (Build 2600) Service Pack 3; ESRI ArcCatalog 9.3.0.1770</envirDesc>
		<dataLang>
			<languageCode Sync="TRUE" value="en"></languageCode>
		</dataLang>
		<geoBox esriExtentType="decdegrees">
			<westBL Sync="TRUE">-87.897808</westBL>
			<eastBL Sync="TRUE">-87.024518</eastBL>
			<northBL Sync="TRUE">33.632663</northBL>
			<southBL Sync="TRUE">32.964058</southBL>
			<exTypeCode Sync="TRUE">1</exTypeCode>
		</geoBox>
		<idCitation>
			<resTitle Sync="TRUE">AL08_506</resTitle>
			<presForm>
				<PresFormCd Sync="TRUE" value="005"></PresFormCd>
			</presForm>
		</idCitation>
		<spatRpType>
			<SpatRepTypCd Sync="TRUE" value="001"></SpatRepTypCd>
		</spatRpType>
		<dataExt>
			<geoEle>
				<GeoBndBox esriExtentType="native">
					<westBL Sync="TRUE">720354.561561</westBL>
					<northBL Sync="TRUE">-716252.410656</northBL>
					<southBL Sync="TRUE">-788021.564882</southBL>
					<eastBL Sync="TRUE">791625.388237</eastBL>
					<exTypeCode Sync="TRUE">1</exTypeCode>
				</GeoBndBox>
			</geoEle>
		</dataExt>
	</dataIdInfo>
	<distInfo>
		<distributor>
			<distorTran>
				<onLineSrc>
					<orDesc Sync="TRUE">002</orDesc>
					<protocol Sync="TRUE">Local Area Network</protocol>
					<linkage Sync="TRUE">file://\\ReadyNAS\Data\2008_Deliverables\2008_CoC_Data_by_State\Alabama\AL-506\AL08_506.shp</linkage>
				</onLineSrc>
				<transSize Sync="TRUE">0.014</transSize>
			</distorTran>
			<distorFormat>
				<formatName Sync="TRUE">Shapefile</formatName>
			</distorFormat>
		</distributor>
	</distInfo>
	<Esri>
		<ModDate>20090905</ModDate>
		<ModTime>11302600</ModTime>
		<SyncDate>20090905</SyncDate>
		<SyncOnce>FALSE</SyncOnce>
		<SyncTime>11302600</SyncTime>
		<CreaDate>20090616</CreaDate>
		<CreaTime>10422700</CreaTime>
		<DataProperties><lineage><Process Name="Project_1" ToolSource="C:\Program Files\ArcGIS\ArcToolbox\Toolboxes\Data Management Tools.tbx\Project" Date="20060309" Time="112755">Project 2005_CoC_BND_National_Dataset F:\05_Deliverables\2005_National_CoC_Dataset\shapefiles\2005_CoC_BND_National_Dataset_2.shp PROJCS['North_America_Albers_Equal_Area_Conic',GEOGCS['GCS_North_American_1983',DATUM['D_North_American_1983',SPHEROID['GRS_1980',6378137.0,298.257222101]],PRIMEM['Greenwich',0.0],UNIT['Degree',0.0174532925199433]],PROJECTION['Albers'],PARAMETER['False_Easting',0.0],PARAMETER['False_Northing',0.0],PARAMETER['Central_Meridian',-96.0],PARAMETER['Standard_Parallel_1',20.0],PARAMETER['Standard_Parallel_2',60.0],PARAMETER['Latitude_Of_Origin',40.0],UNIT['Meter',1.0]] #</Process><Process Name="Merge_2" ToolSource="C:\Program Files\ArcGIS\ArcToolbox\Toolboxes\Data Management Tools.tbx\Merge" Date="20070327" Time="133457">Merge E:\shapefiles\Albers\06_CoC_Bnd\06_coc_bnd_3_22_07.shp;E:\shapefiles\Albers\06_CoC_Bnd\clean-up\05_NY_603.shp E:\shapefiles\Albers\06_CoC_Bnd\06_coc_bnd_3_27_07.shp "COC_NUM COC_NUM true false false 8 Text 0 0 ,First,#,E:\shapefiles\Albers\06_CoC_Bnd\06_coc_bnd_3_22_07.shp,COC_NUM,-1,-1;STATE_ABRV STATE_ABRV true false false 4 Text 0 0 ,First,#,E:\shapefiles\Albers\06_CoC_Bnd\06_coc_bnd_3_22_07.shp,STATE_ABRV,-1,-1;STATE_NAME STATE_NAME true false false 22 Text 0 0 ,First,#,E:\shapefiles\Albers\06_CoC_Bnd\06_coc_bnd_3_22_07.shp,STATE_NAME,-1,-1;Z6_COC_NUM Z6_COC_NUM true false false 10 Text 0 0 ,First,#,E:\shapefiles\Albers\06_CoC_Bnd\06_coc_bnd_3_22_07.shp,Z6_COC_NUM,-1,-1;COC_NAME COC_NAME true false false 58 Text 0 0 ,First,#,E:\shapefiles\Albers\06_CoC_Bnd\06_coc_bnd_3_22_07.shp,COC_NAME,-1,-1;STATUS STATUS true false false 3 Text 0 0 ,First,#,E:\shapefiles\Albers\06_CoC_Bnd\06_coc_bnd_3_22_07.shp,STATUS,-1,-1;YEAR YEAR true false false 4 Short 0 4 ,First,#,E:\shapefiles\Albers\06_CoC_Bnd\06_coc_bnd_3_22_07.shp,YEAR,-1,-1"</Process><Process Name="Merge_5" ToolSource="C:\Program Files\ArcGIS\ArcToolbox\Toolboxes\Data Management Tools.tbx\Merge" Date="20070410" Time="104334">Merge 2006_CoC_BND_National_Dataset;LA_500_clean;LA_504 E:\shapefiles\Albers\06_CoC_Bnd\06_coc_claimed_geographies_v7.shp "COC_NUM COC_NUM true false false 8 Text 0 0 ,First,#,2006_CoC_BND_National_Dataset,COC_NUM,-1,-1;STATE_ABRV STATE_ABRV true false false 4 Text 0 0 ,First,#,2006_CoC_BND_National_Dataset,STATE_ABRV,-1,-1;STATE_NAME STATE_NAME true false false 22 Text 0 0 ,First,#,2006_CoC_BND_National_Dataset,STATE_NAME,-1,-1;Z6_COC_NUM Z6_COC_NUM true false false 10 Text 0 0 ,First,#,2006_CoC_BND_National_Dataset,Z6_COC_NUM,-1,-1;COC_NAME COC_NAME true false false 58 Text 0 0 ,First,#,2006_CoC_BND_National_Dataset,COC_NAME,-1,-1;STATUS STATUS true false false 3 Text 0 0 ,First,#,2006_CoC_BND_National_Dataset,STATUS,-1,-1,LA_500_clean,STATUS,-1,-1,LA_504,STATUS,-1,-1;YEAR YEAR true false false 4 Short 0 4 ,First,#,2006_CoC_BND_National_Dataset,YEAR,-1,-1,LA_500_clean,YEAR,-1,-1,LA_504,YEAR,-1,-1"</Process><Process Name="Merge_1" ToolSource="C:\Program Files\ArcGIS\ArcToolbox\Toolboxes\Data Management Tools.tbx\Merge" Date="20080401" Time="161902">Merge 2007_CoC_BND_National_Dataset;VA06_600;VA06_601 F:\07_Deliverables\2007_National_CoC_Dataset\shapefiles\2007_CoC_BND_National_Datase.shp "COC_NUM COC_NUM true false false 254 Text 0 0 ,First,#,2007_CoC_BND_National_Dataset,COC_NUM,-1,-1,VA06_600,COC_NUM,-1,-1,VA06_601,COC_NUM,-1,-1;ST ST true false false 254 Text 0 0 ,First,#,2007_CoC_BND_National_Dataset,ST,-1,-1;STATE STATE true false false 254 Text 0 0 ,First,#,2007_CoC_BND_National_Dataset,STATE,-1,-1;COC_NAME COC_NAME true false false 254 Text 0 0 ,First,#,2007_CoC_BND_National_Dataset,COC_NAME,-1,-1,VA06_600,COC_NAME,-1,-1,VA06_601,COC_NAME,-1,-1;STATUS STATUS true false false 254 Text 0 0 ,First,#,2007_CoC_BND_National_Dataset,STATUS,-1,-1,VA06_600,STATUS,-1,-1,VA06_601,STATUS,-1,-1"</Process><Process Name="Merge_6" ToolSource="C:\Program Files\ArcGIS\ArcToolbox\Toolboxes\Data Management Tools.tbx\Merge" Date="20080513" Time="101802">Merge 2007_CoC_BND_National_Dataset;Cook_Cnty_CoC_Merge_Dissolve1 C:\share\2007_National_CoC_Dataset\shapefiles\2007_CoC_BND_National_Datase.shp "COC_NUM COC_NUM true false false 254 Text 0 0 ,First,#,2007_CoC_BND_National_Dataset,COC_NUM,-1,-1,Cook_Cnty_CoC_Merge_Dissolve1,COC_NUM,-1,-1;ST ST true false false 254 Text 0 0 ,First,#,2007_CoC_BND_National_Dataset,ST,-1,-1,Cook_Cnty_CoC_Merge_Dissolve1,ST,-1,-1;STATE STATE true false false 254 Text 0 0 ,First,#,2007_CoC_BND_National_Dataset,STATE,-1,-1,Cook_Cnty_CoC_Merge_Dissolve1,STATE,-1,-1;COC_NAME COC_NAME true false false 254 Text 0 0 ,First,#,2007_CoC_BND_National_Dataset,COC_NAME,-1,-1,Cook_Cnty_CoC_Merge_Dissolve1,COC_NAME,-1,-1;STATUS STATUS true false false 254 Text 0 0 ,First,#,2007_CoC_BND_National_Dataset,STATUS,-1,-1,Cook_Cnty_CoC_Merge_Dissolve1,STATUS,-1,-1"</Process></lineage></DataProperties><MetaID>{E7C3F290-FF8F-445B-9439-6EC1B3DC1155}</MetaID></Esri>
	<mdChar>
		<CharSetCd Sync="TRUE" value="004"></CharSetCd>
	</mdChar>
	<mdDateSt Sync="TRUE">20090905</mdDateSt>
	<mdHrLv>
		<ScopeCd Sync="TRUE" value="005"></ScopeCd>
	</mdHrLv>
	<mdHrLvName Sync="TRUE">dataset</mdHrLvName>
	<mdLang>
		<languageCode Sync="TRUE" value="en"></languageCode>
	</mdLang>
	<mdStanName Sync="TRUE">ISO 19115 Geographic Information - Metadata</mdStanName>
	<mdStanVer Sync="TRUE">DIS_ESRI1.0</mdStanVer>
	<refSysInfo>
		<RefSystem>
			<refSysID>
				<identCode Sync="TRUE">North_America_Albers_Equal_Area_Conic</identCode>
			</refSysID>
		</RefSystem>
	</refSysInfo>
	<spatRepInfo>
		<VectSpatRep>
			<topLvl>
				<TopoLevCd Sync="TRUE" value="001"></TopoLevCd>
			</topLvl>
			<geometObjs Name="AL08_506"><geoObjTyp><GeoObjTypCd Sync="TRUE" value="001"></GeoObjTypCd></geoObjTyp><geoObjCnt Sync="TRUE">1</geoObjCnt></geometObjs></VectSpatRep>
	</spatRepInfo>
</metadata>
